X,Z,reason,context,removed,added,tier,size,sleepers
-3645,3404,junk,industrial,remnant_waste_15,xcpv_Drive_In_Wsiegel,1,60x60,1
-3645,3555,junk,industrial,lot_industrial_15,xcpv_Washington_Cemetery_Double_G,1,25x25,1
-3627,3345,junk,industrial,remnant_burnt_06,xcpv_Carpark_Mute,0,42x42,1
-3624,3590,junk,industrial,remnant_industrial_large_01,xcpv_BOS_Factory_KillerBee,5,100x100,1
-3614,-1271,junk,wilderness,remnant_gas_station_01,xcpv_Army_2_Zyncosa,5,42x42,1
-3555,3341,junk,industrial,remnant_burnt_05,xcpv_Carwash_Zeebark,1,42x42,1
-3552,3502,redundant,industrial,industrial_business_08,xcpv_Store_S_05_ZZTong,3,42x42,1
-3542,-1301,junk,wilderness,wilderness_filler_06,xcpv_Shack_TallmanBrad,0,25x25,1
-3532,1390,junk,wilderness,wilderness_filler_12,xcpv_Angel_Home_Cerberus,1,25x25,1
-3528,3274,junk,industrial,lot_industrial_18,xcpv_Store_XS_15_ZZTong,1,25x25,1
-3496,1472,redundant,downtown,downtown_filler_12,xcpv_Pinocchio_Arramus,1,25x25,1
-3496,1544,junk,downtown,rubble_downtown_filler_23,xcpv_Charity_Bar_Duplex_Zeebark,2,25x25,1
-3496,1578,redundant,downtown,downtown_filler_03,xcpv_Speedy_Flowers_Fluffy_Panda,1,25x25,1
-3496,1674,redundant,wilderness,downtown_filler_22,xcpv_House_Shanty_01_Svarii,0,25x25,1
-3496,3336,junk,industrial,lot_industrial_20,xcpv_Store_XS_13_ZZTong,1,25x25,1
-3495,-1855,junk,wilderness,wilderness_filler_08,xcpv_Site_1_AndyRed,0,25x25,1
-3495,1154,junk,downtown,remnant_downtown_filler_30,xcpv_City_Park_1_OctoberFire,0,25x25,1
-3494,1411,redundant,downtown,downtown_filler_22,xcpv_Store_XS_05_ZZTong,1,25x25,1
-3490,1349,junk,downtown,remnant_library_01,xcpv_Hotel_Zyncosa,4,60x60,1
-3486,1199,junk,downtown,remnant_downtown_filler_02,xcpv_Corner_Store_01_Gtpwr,1,25x25,1
-3486,1224,junk,downtown,remnant_downtown_filler_01,xcpv_Coffee_Shop_EvilRacc0on,0,25x25,1
-3478,1261,junk,downtown,remnant_downtown_strip_07,xcpv_Multi_Store_ANT,3,42x42,1
-3476,3561,junk,industrial,lot_industrial_14,xcpv_Store_XS_04_ZZTong,1,25x25,1
-3461,1191,junk,downtown,remnant_downtown_filler_28,xcpv_Cornish_Pasty_Shop_Medusa,1,25x25,1
-3461,1216,junk,downtown,rubble_downtown_filler_04,xcpv_Fast_Food_Vittles,1,25x25,1
-3461,3334,junk,industrial,remnant_waste_06,xcpv_Car_Dealership_Old_P1ut0nium,1,42x42,1
-3459,1544,redundant,downtown,downtown_filler_06,xcpv_Pet_Store_TehKarmah,1,25x25,1
-3458,1496,redundant,downtown,downtown_filler_13,xcpv_Pet_Store_Zeebark,1,25x25,1
-3454,1304,junk,downtown,rubble_downtown_filler_17,xcpv_Convenience_OctoberFire,1,25x25,1
-3454,1428,redundant,downtown,downtown_filler_14,xcpv_Nutz_TehKarmah,1,25x25,1
-3451,1569,junk,downtown,rubble_downtown_filler_19,xcpv_Entrance_Sinkhole_FNS,0,25x25,1
-3442,3255,junk,industrial,lot_vacant_01,xcpv_Store_XS_11_ZZTong,1,25x25,1
-3436,1154,junk,downtown,rubble_downtown_filler_01,xcpv_City_Park_OctoberFire,0,25x25,1
-3436,3664,junk,industrial,lot_industrial_17,xcpv_Supermarket_04_Zyncosa,0,25x25,1
-3434,1544,junk,downtown,rubble_downtown_filler_21,xcpv_Camping_Shop_Zeebark,1,25x25,1
-3426,1569,redundant,downtown,downtown_filler_05,xcpv_Pet_Salon_Zeebark,1,25x25,1
-3413,1192,junk,downtown,rubble_downtown_filler_02,xcpv_Filler_2_Stallionsden,0,25x25,1
-3413,1329,junk,downtown,remnant_downtown_strip_08,xcpv_Multi_Storey_War3zuk,2,42x42,1
-3413,1429,junk,downtown,rubble_downtown_filler_16,xcpv_Farmers_Market_Vittles,1,25x25,1
-3413,1494,redundant,downtown,downtown_filler_07,xcpv_Park_ShadowEnvy,0,25x25,1
-3413,1674,redundant,wilderness,downtown_filler_12,xcpv_Lot_for_Sale_Zeebark,0,25x25,0
-3410,1279,junk,downtown,remnant_downtown_filler_29,xcpv_Filler_4_Stallionsden,0,25x25,1
-3410,1304,redundant,downtown,downtown_filler_15,xcpv_Donut_Shop_Bigstep70,1,25x25,1
-3398,3498,redundant,industrial,parking_lot_03,xcpv_Store_S_03_ZZTong,3,42x42,1
-3396,-1965,junk,wilderness,wilderness_filler_09,xcpv_Site_2_AndyRed,0,25x25,1
-3377,1278,junk,downtown,rubble_downtown_filler_03,xcpv_Estate_Agent_Medusa,1,25x25,1
-3376,3265,junk,industrial,lot_vacant_02,xcpv_Supermarket_03_Dest_Zyncosa,0,25x25,1
-3372,1460,junk,downtown,rubble_downtown_filler_20,xcpv_Downtown_Building_Lot_01_Zeebark,0,25x25,1
-3371,1237,junk,downtown,lot_downtown_filler_01,xcpv_Eco_Apartments_Voltralux,3,25x25,1
-3371,1346,redundant,downtown,downtown_filler_25,xcpv_Store_XS_02_ZZTong,1,25x25,1
-3371,1387,junk,downtown,rubble_downtown_filler_18,xcpv_Corner_Store_Alice,1,25x25,1
-3371,1493,redundant,downtown,downtown_filler_11,xcpv_Zee_Bliss_Zeebark,2,25x25,1
-3357,-2058,junk,wilderness,wilderness_filler_15,xcpv_Forest_1_Killerbunny,1,25x25,1
-3357,-2033,junk,wilderness,wilderness_filler_18,xcpv_Trailer_04_ZZTong,1,25x25,1
-3353,-2151,junk,wilderness,wilderness_filler_10,xcpv_Site_4_AndyRed,0,25x25,0
-3346,1346,junk,downtown,remnant_downtown_filler_26,xcpv_Countrytown_Alice,2,25x25,1
-3346,1387,junk,downtown,remnant_downtown_strip_06,xcpv_Mozart_Conservatory_Cerberus,3,42x42,1
-3345,1536,junk,downtown,rubble_downtown_filler_13,xcpv_Filler_2_Zeebark,0,25x25,1
-3345,3678,junk,industrial,lot_industrial_19,xcpv_Strip_Food_Stores_Gtpwr,1,25x25,1
-3340,1305,junk,downtown,remnant_downtown_filler_04,xcpv_Computer_Store_Zeebark,1,25x25,1
-3339,3509,junk,industrial,lot_vacant_03,xcpv_Store_XS_09_ZZTong,1,25x25,1
-3333,-34,redundant,countrytown,utility_celltower_01,xcpv_Oldwest_Graveyard_01_Chaz916Gaming,0,25x25,1
-3332,-2047,junk,wilderness,wilderness_filler_20,xcpv_Taylors_Camp_Tdestructinator,1,25x25,1
-3328,1429,junk,downtown,remnant_downtown_filler_09,xcpv_Filler_Sandbox_1_Arramus,0,25x25,0
-3320,1455,redundant,downtown,downtown_filler_27,xcpv_Store_Joel_Diegar,1,25x25,1
-3320,1536,junk,downtown,rubble_downtown_filler_12,xcpv_Drive_Thru_01_ZZTong,1,25x25,1
-3320,1576,redundant,downtown,downtown_filler_30,xcpv_Store_Hugh_Diegar,2,25x25,1
-3319,-251,redundant,countrytown,funeral_home_01,xcpv_Oldwest_Boarbear_Bar_Weazelsun,2,42x42,1
-3307,1304,junk,downtown,remnant_downtown_filler_07,xcpv_Cool_Shooz_Duplex_Zeebark,1,25x25,1
-3306,-34,junk,countrytown,lot_industrial_06,xcpv_Oldwest_Feed_Seed_Chaz916Gaming,2,25x25,1
-3306,1346,junk,downtown,remnant_downtown_filler_12,xcpv_Fire_Station_Slick50,1,25x25,1
-3304,1391,junk,downtown,remnant_downtown_filler_23,xcpv_Filler_Zeebark,0,25x25,1
-3293,-1327,junk,wilderness,wilderness_filler_05,xcpv_Shack_03_TallManBrad,0,25x25,1
-3282,-2143,junk,wilderness,wilderness_filler_04,xcpv_Potatofield_Oscerc,0,25x25,0
-3281,1429,junk,downtown,remnant_downtown_filler_11,xcpv_Fit_You_Shema,2,25x25,1
-3281,1480,redundant,downtown,parking_garage_03,xcpv_Alamo_Sarongas1999_Crazy1,2,42x42,1
-3279,1546,junk,downtown,remnant_business_04,xcpv_Multi_Storey_2_War3zuk,5,42x42,1
-3261,-153,junk,countrytown,lot_industrial_16,xcpv_Oldwest_Cliff_House_War3zuk,0,25x25,1
-3261,-71,junk,countrytown,remnant_burnt_04,xcpv_Oldwest_Church_TFP,0,25x25,1
-3256,1305,junk,downtown,remnant_downtown_strip_02,xcpv_Mo_Power_01_InfectedGaming,1,42x42,1
-3256,1367,junk,downtown,remnant_downtown_filler_25,xcpv_Filler_1_Stallionsden,0,25x25,1
-3256,1392,junk,downtown,remnant_downtown_filler_24,xcpv_Filler_Park_11A_Deverezieaux,0,25x25,1
-3256,1429,junk,downtown,remnant_downtown_filler_08,xcpv_Filler_Park_11_Deverezieaux,0,25x25,0
-3236,3469,junk,industrial,lot_vacant_04,xcpv_Supermarket_02_Dest_Zyncosa,0,25x25,1
-3233,-333,junk,countrytown,remnant_coffee_shop_02,xcpv_Oldwest_Church_Chaz916Gaming,1,25x25,1
-3233,-306,junk,countrytown,remnant_coffee_shop_01,xcpv_Oldwest_Cathouse_Medusa,1,25x25,1
-3231,1359,junk,downtown,remnant_downtown_filler_05,xcpv_Filler_Deverezieaux,4,25x25,1
-3231,1384,junk,downtown,remnant_downtown_filler_27,xcpv_Fanz_Duplex_Zeebark,2,25x25,1
-3222,78,junk,countrytown,lot_industrial_05,xcpv_Oldwest_Fire_Hall_Weazelsun,1,25x25,1
-3222,1429,junk,downtown,remnant_downtown_filler_06,xcpv_Filler_Park_10A_Deverezieaux,0,25x25,1
-3221,1455,junk,downtown,rubble_downtown_filler_14,xcpv_Electrical_Substation_01_ZZTong,0,25x25,1
-3221,1490,redundant,downtown,downtown_filler_31,xcpv_Subday_Swolk,1,25x25,1
-3221,1516,junk,downtown,rubble_downtown_filler_15,xcpv_Filler_3_Zeebark,0,25x25,1
-3221,1541,junk,downtown,rubble_downtown_filler_11,xcpv_Filler_3_Stallionsden,0,25x25,1
-3212,-1269,junk,wilderness,wilderness_filler_19,xcpv_Field_Cotton_01_ZZTong,0,25x25,1
-3196,-261,junk,countrytown,lot_vacant_06,xcpv_Oldwest_Diner_Barber_Chaz916Gaming,1,25x25,1
-3188,-46,junk,countryresidential,lot_vacant_09,xcpv_Basement_PVWolfgang,2,25x25,1
-3185,1223,junk,wilderness,remnant_skyscraper_02,xcpv_Concrete_Plant_Zyncosa,5,60x60,1
-3185,1283,junk,wilderness,remnant_skyscraper_04,xcpv_Colony_Ship_NAGG,5,60x60,1
-3185,1343,junk,wilderness,remnant_skyscraper_05,xcpv_City_02_Stallionsden,2,60x60,1
-3182,-1981,junk,wilderness,wilderness_filler_11,xcpv_Site_5_AndyRed,0,25x25,0
-3176,1198,redundant,wilderness,downtown_filler_park_02,xcpv_Military_Dumpsite_01_Weazelsun,0,25x25,1
-3161,-2178,junk,wilderness,wilderness_filler_06,xcpv_Field_Pumpkin_01_ZZTong,0,25x25,1
-3114,-261,junk,countrytown,lot_industrial_11,xcpv_Oldwest_Courthouse_Medusa,1,25x25,1
-3114,-236,junk,countrytown,remnant_coffee_shop_03,xcpv_Oldwest_Clothier_Chaz916Gaming,1,25x25,1
-3088,-2160,junk,wilderness,wilderness_filler_08,xcpv_Field_Yucca_01_ZZTong,0,25x25,1
-3067,929,redundant,wilderness,utility_celltower_01,xcpv_Small_Hive_FNS,4,25x25,1
-3045,2275,junk,industrial,lot_industrial_11,xcpv_Hydro_Plant_LuckyStar,2,25x25,1
-3045,2355,junk,industrial,lot_industrial_12,xcpv_Gas_Station_Zyncosa,0,25x25,1
-3035,2209,junk,industrial,lot_industrial_10,xcpv_Servo_1_OctoberFire,1,25x25,1
-3032,-2045,junk,wilderness,wilderness_filler_01,xcpv_Burial_Shrine_Snake0567,2,25x25,1
-3032,2526,junk,industrial,remnant_industrial_large_01,xcpv_AFP_Stallionsden,5,100x100,1
-3031,2114,junk,industrial,lot_industrial_09,xcpv_Utility_Cell_Tower_Dough,1,25x25,1
-3027,2145,redundant,industrial,parking_lot_01,xcpv_Utility_Pump_Station_Deverezieaux,2,42x42,1
-3020,2310,junk,industrial,remnant_burnt_06,xcpv_Apartment_Building_Gouki,4,42x42,1
-3007,-2045,junk,wilderness,wilderness_filler_02,xcpv_Trailer_03_ZZTong,1,25x25,1
-2994,-116,junk,countryresidential,lot_industrial_04,xcpv_Boys_Only_Hotel_LukeSwagDab,0,25x25,1
-2991,2223,redundant,industrial,industrial_business_08,xcpv_Warehouse_04_ZZTong,3,42x42,1
-2980,2057,redundant,industrial,parking_lot_03,xcpv_Warehouse_02_ZZTong,4,42x42,1
-2964,2329,junk,industrial,lot_industrial_07,xcpv_Gas_Water_Power_FNS,3,25x25,1
-2955,2141,redundant,industrial,parking_lot_02,xcpv_Warehouse_01_ZZTong,2,42x42,1
-2939,2221,junk,industrial,remnant_burnt_05,xcpv_Apartment_01_ZZTong,4,42x42,1
-2929,-196,junk,countryresidential,lot_vacant_07,xcpv_Beetle_Katharsys,1,25x25,1
-2928,2074,junk,industrial,lot_industrial_08,xcpv_Warehouse_Batman,1,25x25,1
-2922,2505,junk,industrial,lot_industrial_13,xcpv_Cell_Tower_LuckyStar,1,25x25,1
-2896,2055,redundant,industrial,junkyard_01,xcpv_Hightop_Curbolt,3,60x60,1
-2893,2356,junk,downtown,rubble_downtown_filler_03,xcpv_LittleAsia_Rickshaw_Stand_Komotipanda,0,25x25,1
-2893,2381,redundant,downtown,downtown_filler_09,xcpv_ProTech_Cafe_TheStainGaming,2,25x25,1
-2886,2148,redundant,industrial,remnant_waste_05,xcpv_Warehouse_Illidua,1,42x42,1
-2881,-1786,junk,industrial,lot_industrial_10,xcpv_Lumber_Mill_IceJudge,0,25x25,1
-2879,2204,junk,downtown,remnant_downtown_filler_27,xcpv_L4D_Pavilion_CraterCreator,0,25x25,1
-2876,-1689,junk,industrial,lot_vacant_02,xcpv_Store_XS_08_ZZTong,1,25x25,1
-2876,-152,redundant,residential,house_modern_27,xcpv_Modern_House_TopMinder,1,42x42,1
-2875,-92,junk,residential,remnant_house_11,xcpv_House_01_Nodabba,1,42x42,1
-2867,3055,junk,wilderness,lot_rural_filler_10,xcpv_Cidery_Dest_Deverezieaux,4,60x60,1
-2854,2204,junk,downtown,remnant_downtown_filler_29,xcpv_LittleAsia_Modern_Cottage_StompyNZ,0,25x25,1
-2854,2328,junk,downtown,remnant_downtown_filler_28,xcpv_LittleAsia_Living_House_sm_Magoli,1,25x25,1
-2853,2356,redundant,downtown,downtown_filler_06,xcpv_Uptown_Filler_05_LuzipherMST,3,25x25,1
-2853,2478,redundant,downtown,downtown_filler_07,xcpv_Zee_Plantz_Zeebark,1,25x25,1
-2836,-1586,junk,industrial,lot_industrial_09,xcpv_Store_XS_06_ZZTong,2,25x25,1
-2828,2436,junk,downtown,remnant_business_04,xcpv_Furniture_Store_NLBlackEagle,5,42x42,1
-2814,2354,junk,downtown,rubble_downtown_filler_04,xcpv_LittleAsia_Sword_Master_Magoli,0,25x25,1
-2814,2379,junk,downtown,remnant_downtown_strip_01,xcpv_Gaming_Store_Lunitar,1,42x42,1
-2813,-344,junk,residential,remnant_burnt_10,xcpv_House_02_Guppycur,1,42x42,1
-2813,-300,junk,residential,remnant_burnt_09,xcpv_House_01_Redzero83,1,42x42,1
-2813,-240,redundant,residential,house_modern_26,xcpv_Modern_Villa_Owl79,2,42x42,1
-2813,2329,junk,downtown,remnant_downtown_filler_25,xcpv_Kissing_Booth_Stallionsden,1,25x25,1
-2810,2204,redundant,downtown,downtown_filler_12,xcpv_Retro_Cafe_Zeebark,1,25x25,1
-2807,-152,junk,residential,remnant_burnt_02,xcpv_House_01_JSDoctor,2,42x42,1
-2806,2055,junk,industrial,remnant_business_01,xcpv_Boxing_Gym_KamR,3,60x60,1
-2798,2148,junk,industrial,remnant_waste_06,xcpv_Apartment_Gertle,5,42x42,1
-2778,-1826,junk,industrial,lot_vacant_01,xcpv_Mikeys_Mines_FNS,1,25x25,1
-2772,2420,junk,downtown,remnant_downtown_filler_30,xcpv_LittleAsia_Pagoda_Magoli,3,25x25,1
-2772,2445,junk,downtown,rubble_downtown_filler_01,xcpv_LittleAsia_Restaurant_Valconian,0,25x25,1
-2772,2470,junk,downtown,rubble_downtown_filler_05,xcpv_LittleAsia_Temple_Monks_Magoli,2,25x25,1
-2771,-612,junk,wilderness,wilderness_filler_06,xcpv_Rural_Filler_06_ZZTong,0,25x25,0
-2771,2246,junk,downtown,remnant_downtown_filler_26,xcpv_Kits_Gelato_Shema,2,25x25,1
-2746,2137,junk,downtown,remnant_downtown_filler_23,xcpv_Kick_Flipz_VoltraLux,1,25x25,1
-2746,2246,junk,downtown,rubble_downtown_filler_14,xcpv_Lot_Vacant_02_ZZTong,0,25x25,1
-2746,2287,junk,downtown,rubble_downtown_filler_12,xcpv_LittleAsia_filler_01_TFP,0,25x25,1
-2745,-1475,junk,industrial,lot_vacant_04,xcpv_Store_XS_16_ZZTong,1,25x25,1
-2745,2096,redundant,downtown,downtown_filler_14,xcpv_Slabhouse_01_ZZTong,1,25x25,1
-2745,2459,junk,commercial,remnant_burnt_08,xcpv_Rest_Area_Guppycur,1,42x42,1
-2745,2504,junk,commercial,remnant_business_02,xcpv_Apartment_02_ZZTong,4,60x60,1
-2744,2804,junk,commercial,remnant_waste_18,xcpv_Apartment_Notti,4,60x60,1
-2739,-1741,junk,industrial,lot_vacant_03,xcpv_Military_Installation_Zyncosa,0,25x25,1
-2737,-1149,junk,commercial,remnant_waste_03,xcpv_Car_Dealership_New_P1ut0nium,1,42x42,1
-2736,-1951,junk,downtown,remnant_downtown_filler_24,xcpv_Downtown_Building_Lot_Zeebark,0,25x25,0
-2736,-1926,junk,downtown,lot_downtown_filler_01,xcpv_Solar_Farm_02_ZZTong,0,25x25,1
-2735,-1541,junk,industrial,lot_industrial_07,xcpv_Store_XS_10_ZZTong,2,25x25,1
-2731,1641,junk,wilderness,wilderness_filler_03,xcpv_L4D_Tower_CraterCreator,0,25x25,1
-2728,2056,junk,downtown,remnant_downtown_filler_20,xcpv_JoJos_JSDoctor,2,25x25,1
-2726,-296,junk,residential,remnant_house_06,xcpv_House_01_Guppycur,1,42x42,1
-2721,2137,redundant,downtown,parking_garage_02,xcpv_Ambulance_Depot_01_Weazelsun,0,42x42,1
-2721,2229,junk,downtown,remnant_downtown_strip_02,xcpv_Gas_N_Wash_LuckyStar,2,42x42,1
-2721,2287,junk,downtown,remnant_downtown_strip_03,xcpv_Hicks_Diner_WillyBilly,2,42x42,1
-2711,-1996,junk,downtown,remnant_downtown_filler_27,xcpv_Warehouse_03_ZZTong,2,25x25,1
-2711,-1959,junk,downtown,rubble_downtown_filler_05,xcpv_Waste_Disposal_Vittles,1,25x25,1
-2711,-1934,junk,downtown,remnant_downtown_filler_25,xcpv_Optometrists_Vittles,1,25x25,1
-2707,2329,junk,downtown,rubble_downtown_filler_15,xcpv_Lot_Vacant_07_EvilRacc0on,1,25x25,1
-2704,-1741,redundant,industrial,parking_lot_02,xcpv_Canucks_Coffee_Nagg_Community,3,42x42,1
-2704,2179,junk,downtown,remnant_downtown_filler_24,xcpv_Kindergarden_Oscerc,1,25x25,1
-2704,2204,redundant,downtown,downtown_filler_05,xcpv_Reptile_Store_Zeebark,2,25x25,1
-2701,2060,junk,downtown,remnant_church_01,xcpv_Ground Zero Mart_Midnight,5,60x60,1
-2692,-338,junk,residential,remnant_house_09,xcpv_House_01_Infected_Gaming,2,42x42,1
-2664,-1421,junk,industrial,lot_industrial_06,xcpv_Store_XS_12_ZZTong,1,25x25,1
-2663,2137,redundant,downtown,parking_garage_01,xcpv_Ambulance_Station_Zeebark,1,42x42,1
-2663,2179,junk,downtown,remnant_downtown_filler_19,xcpv_Jail_Break_Pizza_Zeebark,2,25x25,1
-2663,2205,redundant,downtown,downtown_filler_03,xcpv_Prepper_Petes_Lunitar,2,25x25,1
-2663,2329,junk,downtown,rubble_downtown_filler_16,xcpv_Lot_Vacant_08_Evilracc0on,1,25x25,1
-2661,-1913,junk,downtown,remnant_downtown_filler_19,xcpv_Power_Station_LuckyStar,1,25x25,1
-2660,-1871,junk,downtown,rubble_downtown_filler_14,xcpv_Private_School_Vittles,2,25x25,1
-2657,2549,junk,commercial,remnant_waste_16,xcpv_Apartment_03_ZZTong,4,60x60,1
-2656,-398,redundant,wilderness,house_old_mansard_05,xcpv_Fire_Academy_01_ZZTong,2,42x42,1
-2652,-1386,junk,industrial,remnant_burnt_06,xcpv_Church_Sarongas1999_Crazy1,2,42x42,1
-2639,-1996,junk,downtown,rubble_downtown_filler_12,xcpv_Small_Cafe_Bostonlondon,0,25x25,1
-2639,-1529,junk,industrial,remnant_burnt_05,xcpv_Church_NekrusAndro_Malius,1,42x42,1
-2638,2329,junk,downtown,rubble_downtown_filler_17,xcpv_Lot_Vacant_09_EvilRacc0on,1,25x25,1
-2636,-1781,junk,industrial,lot_industrial_08,xcpv_LittleAsia_Restaurant_Valconian,0,25x25,1
-2627,-1872,junk,downtown,remnant_downtown_filler_09,xcpv_PoPo_TehKarmah,2,25x25,1
-2623,2222,junk,downtown,rubble_downtown_filler_13,xcpv_Lot_Vacant_01_ZZTong,0,25x25,1
-2621,-1913,junk,downtown,remnant_downtown_filler_22,xcpv_Restaurant_Gertle,1,25x25,1
-2621,2071,junk,downtown,remnant_downtown_filler_22,xcpv_Key_2_Home_BattlePapi,1,25x25,1
-2621,2096,junk,downtown,remnant_downtown_filler_21,xcpv_Junkyard_WillyBilly,0,25x25,1
-2621,2140,redundant,downtown,downtown_filler_13,xcpv_Ultrascans_Clinic_AndyRed,1,25x25,1
-2596,-1953,junk,downtown,remnant_downtown_filler_17,xcpv_Quad_Zeebark,3,25x25,1
-2596,-1845,junk,downtown,rubble_downtown_filler_04,xcpv_Zee_Bliss_Zeebark,2,25x25,1
-2596,-1808,junk,downtown,remnant_downtown_filler_28,xcpv_Pet_Store_TehKarmah,1,25x25,1
-2596,-1783,junk,downtown,remnant_downtown_filler_08,xcpv_Smoke_Shop_EvilRacc0on,1,25x25,1
-2596,-1757,junk,downtown,remnant_downtown_filler_21,xcpv_Wooden_Store_Guppycur,1,25x25,1
-2596,-1722,junk,downtown,remnant_downtown_filler_16,xcpv_Speedy_Flowers_Fluffy_Panda,1,25x25,1
-2596,-1653,junk,downtown,rubble_downtown_filler_12,xcpv_Nerdy_Glasses_Billboard_FNS,0,25x25,1
-2596,-838,junk,commercial,remnant_waste_04,xcpv_Cafe_LazyTurtle89,2,42x42,1
-2595,-1246,junk,commercial,remnant_business_02,xcpv_Data_Center_Level50Unlocked,5,60x60,1
-2595,2097,junk,downtown,remnant_downtown_filler_11,xcpv_Gym_Theodryck,1,25x25,1
-2595,2737,junk,downtown,remnant_downtown_strip_04,xcpv_Hospital_Deverezieaux,5,42x42,1
-2594,-1874,junk,downtown,rubble_downtown_filler_23,xcpv_Servo_OctoberFire,1,25x25,1
-2594,-1614,junk,downtown,remnant_downtown_filler_25,xcpv_News_Kiosk_Arramus,0,25x25,1
-2593,2681,junk,downtown,rubble_downtown_filler_22,xcpv_Mens_Club_Vittles,2,25x25,1
-2593,2706,junk,downtown,rubble_downtown_filler_20,xcpv_Manhole_InfectedGaming,1,25x25,1
-2587,2178,junk,downtown,remnant_downtown_filler_06,xcpv_Gamers_Cafe_Mute,2,25x25,1
-2587,2517,junk,commercial,remnant_commercial_strip_04,xcpv_Store_S_02_ZZTong,2,42x42,1
-2587,2601,junk,commercial,remnant_commercial_strip_03,xcpv_Store_S_01_ZZTong,3,42x42,1
-2584,-94,junk,wilderness,wilderness_filler_03,xcpv_Rural_Filler_05_ZZTong,0,25x25,1
-2581,-1486,junk,industrial,lot_industrial_05,xcpv_Supermarket_04_Dest_Zyncosa,0,25x25,1
-2581,2451,junk,commercial,remnant_business_05,xcpv_Store_Jen_Diegar,2,42x42,1
-2577,-1455,redundant,industrial,warehouse_08,xcpv_Gas_Station_Carwash_Mute,1,42x42,1
-2571,-1970,junk,downtown,remnant_downtown_strip_20,xcpv_School_Laz_Man,2,42x42,1
-2571,-1670,junk,downtown,remnant_downtown_strip_01,xcpv_Store_Bank_Deverezieaux,3,42x42,1
-2569,-1874,junk,downtown,remnant_downtown_filler_02,xcpv_Slabhouse_01_ZZTong,1,25x25,1
-2569,-1574,junk,downtown,remnant_downtown_filler_24,xcpv_Military_Installation_Dest_Zyncosa,0,25x25,1
-2562,2178,junk,downtown,remnant_downtown_filler_09,xcpv_GunShop_Kendo_VoltraLux,2,25x25,1
-2553,-1764,junk,downtown,remnant_downtown_strip_11,xcpv_Small_Fitness_KillerBee,1,42x42,1
-2553,2778,redundant,downtown,downtown_filler_park_02,xcpv_Water_Tower_Dough,0,25x25,1
-2552,-1377,junk,residential,remnant_house_03,xcpv_House_Stallionsden,2,42x42,1
-2544,-1874,junk,downtown,rubble_downtown_filler_01,xcpv_Reptile_Store_Zeebark,2,25x25,1
-2544,-1574,junk,downtown,rubble_downtown_filler_05,xcpv_Mixed_Use_Vittles,3,25x25,1
-2537,2178,junk,downtown,remnant_downtown_filler_07,xcpv_Gaming_Den_Mute,2,25x25,1
-2530,-1695,junk,downtown,rubble_downtown_filler_13,xcpv_NoPee_Gass_TehKarmah,1,25x25,1
-2528,2736,junk,downtown,remnant_downtown_strip_05,xcpv_Jail_Sarongas1999_Crazy1,2,42x42,1
-2523,2057,redundant,downtown,downtown_filler_24,xcpv_Quad_Zeebark,3,25x25,1
-2514,-1656,junk,downtown,remnant_downtown_strip_07,xcpv_Station_South_NLBlackEagle,0,42x42,1
-2514,2654,junk,downtown,rubble_downtown_filler_18,xcpv_Lumber_Mill_IceJudge,0,25x25,1
-2505,-1995,junk,downtown,remnant_downtown_filler_20,xcpv_Book_Case_Octoberfire,2,25x25,1
-2505,-1695,junk,downtown,remnant_downtown_filler_05,xcpv_Man_3_EvilRacc0on,3,25x25,1
-2505,-1459,junk,industrial,remnant_waste_08,xcpv_Church_Zyncosa,2,42x42,1
-2498,2057,junk,downtown,remnant_downtown_filler_05,xcpv_Game_Shop_Talladaye,1,25x25,1
-2497,-1843,junk,downtown,rubble_downtown_filler_02,xcpv_Watering_Hole_02_ZZTong,1,25x25,1
-2497,-1803,junk,downtown,remnant_downtown_filler_04,xcpv_Park_ShadowEnvy,0,25x25,1
-2497,-1722,junk,downtown,remnant_downtown_filler_27,xcpv_Mens_Club_Vittles,2,25x25,1
-2492,-1377,junk,residential,remnant_house_12,xcpv_House_Owl79,1,42x42,1
-2489,2357,junk,commercial,remnant_carwash_01,xcpv_Store_Mexico664,2,42x42,1
-2480,-1995,junk,downtown,rubble_downtown_filler_20,xcpv_Bookstore_Kayido,1,25x25,1
-2480,-1695,junk,downtown,remnant_downtown_filler_14,xcpv_Manhole_InfectedGaming,1,25x25,1
-2473,2057,redundant,downtown,downtown_filler_25,xcpv_Polizei_Mute,2,25x25,1
-2473,2097,junk,downtown,remnant_downtown_filler_08,xcpv_Garage_01_ZZTong,0,25x25,1
-2472,-1914,redundant,downtown,downtown_filler_01,xcpv_Massage_Parlour_Stallionsden,4,25x25,1
-2472,-1614,redundant,downtown,downtown_filler_15,xcpv_ZVS_Pharmacy_Ogodno77,1,25x25,1
-2472,2328,junk,industrial,lot_industrial_06,xcpv_Gas_Station_Dest_Zyncosa,0,25x25,1
-2472,2720,junk,downtown,rubble_downtown_filler_19,xcpv_Man_3_EvilRacc0on,3,25x25,1
-2472,2745,junk,downtown,rubble_downtown_filler_21,xcpv_Massage_Parlour_Stallionsden,4,25x25,1
-2472,2770,junk,downtown,rubble_downtown_filler_23,xcpv_Mikeys_Mines_FNS,1,25x25,1
-2471,2136,junk,downtown,remnant_downtown_filler_04,xcpv_Fun_House_TheGamerMama,2,25x25,1
-2465,1272,junk,wilderness,wilderness_filler_20,xcpv_Site_4_AndyRed,0,25x25,0
-2449,1326,junk,wilderness,wilderness_filler_18,xcpv_Military_Dumpsite_02_Weazelsun,0,25x25,1
-2446,-1507,redundant,downtown,downtown_filler_12,xcpv_Haulier_md_Limodor,1,25x25,1
-2446,-1463,junk,downtown,rubble_downtown_filler_18,xcpv_Park_Azaroth_Svarii,0,25x25,1
-2446,-1438,redundant,downtown,downtown_filler_25,xcpv_Lot_Vacant_09_EvilRacc0on,1,25x25,1
-2445,2213,junk,downtown,lot_downtown_filler_01,xcpv_Food_Truck_Laz_Man,0,25x25,1
-2445,2263,redundant,downtown,post_office_01,xcpv_Solar_Farm_02_ZZTong,0,25x25,1
-2445,2437,redundant,downtown,downtown_strip_11,xcpv_Stripper_Bar_Mute,2,42x42,1
-2445,2654,junk,downtown,rubble_downtown_filler_24,xcpv_Military_Installation_Dest_Zyncosa,0,25x25,1
-2443,2356,junk,downtown,remnant_downtown_filler_17,xcpv_Imhoteps_Kebap_Shema,1,25x25,1
-2443,2381,junk,downtown,remnant_downtown_filler_18,xcpv_Info_Center_LuckyStar,1,25x25,1
-2443,2406,junk,downtown,remnant_downtown_filler_16,xcpv_Hot_Spot_Shema,2,25x25,1
-2439,618,junk,wilderness,wilderness_filler_07,xcpv_Cave_01_Fluffy_Panda,0,25x25,1
-2437,-1872,junk,downtown,rubble_downtown_filler_18,xcpv_Appliance_Store_Deverezieaux,3,25x25,1
-2436,2699,redundant,downtown,downtown_filler_14,xcpv_Video_Rental_Voltralux,1,25x25,1
-2436,2724,junk,downtown,remnant_downtown_filler_27,xcpv_Mixed_Use_Vittles,3,25x25,1
-2425,2908,junk,residential,remnant_house_12,xcpv_Home_Riahsaurus_Rex,2,42x42,1
-2424,3025,junk,wilderness,wilderness_filler_06,xcpv_Cabin_01_Stallionsden,1,25x25,1
-2421,-1521,junk,downtown,remnant_downtown_strip_16,xcpv_Sheriff_01_ZZTong,3,42x42,1
-2421,2988,junk,wilderness,wilderness_filler_07,xcpv_Burrows_Nauti_Angel,1,25x25,1
-2420,-1928,junk,downtown,remnant_downtown_strip_17,xcpv_Ria_Cafe_L_Redzero83,5,42x42,1
-2412,-1872,redundant,downtown,downtown_filler_12,xcpv_Kissing_Booth_Stallionsden,1,25x25,1
-2411,2691,redundant,downtown,downtown_filler_25,xcpv_Warehouse_05_ZZTong,1,25x25,1
-2411,2716,junk,downtown,remnant_downtown_filler_05,xcpv_NoPee_Gass_TehKarmah,1,25x25,1
-2404,-1546,junk,downtown,remnant_downtown_filler_11,xcpv_Police_Station_01_Weazelsun,1,25x25,1
-2403,2329,junk,downtown,remnant_downtown_filler_02,xcpv_Fuel_Station_NLBlackEagle,0,25x25,1
-2403,2356,redundant,downtown,downtown_filler_15,xcpv_Uptown_Filler_06_LuzipherMST,4,25x25,1
-2403,2478,junk,downtown,remnant_downtown_filler_14,xcpv_Haulier_md_Limodor,1,25x25,1
-2393,3024,junk,wilderness,wilderness_filler_15,xcpv_Military_Supply_Stash_Viper7,0,25x25,1
-2387,-1872,junk,downtown,rubble_downtown_filler_15,xcpv_DMV_Satellite_Vittles,1,25x25,1
-2386,2654,junk,downtown,remnant_downtown_filler_21,xcpv_Ntt_Hub_01_ZZTong,1,25x25,1
-2378,2436,redundant,downtown,downtown_strip_12,xcpv_Strip_Mall_Guppycur,1,42x42,1
-2373,-1993,junk,downtown,rubble_downtown_filler_05,xcpv_Design_Firm_EvilRacc0on,2,25x25,1
-2369,1591,junk,wilderness,remnant_oldwest_06,xcpv_Field_Animals_01_ZZTong,0,25x25,1
-2369,1792,junk,wilderness,remnant_oldwest_01,xcpv_Ancient_Apache_Ground_Nauti_Angel,0,25x25,1
-2366,1560,junk,wilderness,remnant_oldwest_05,xcpv_Field_Aloe_01_ZZTong,0,25x25,1
-2364,2205,redundant,downtown,downtown_filler_30,xcpv_Uptown_Filler_01_LuzipherMST,2,25x25,1
-2364,2327,redundant,downtown,downtown_filler_27,xcpv_Uptown_Filler_02_LuzipherMST,3,25x25,1
-2364,2354,redundant,downtown,downtown_filler_23,xcpv_Uptown_Filler_03_LuzipherMST,3,25x25,1
-2363,-1546,junk,downtown,rubble_downtown_filler_04,xcpv_Pump_Substation_01_ZZTong,0,25x25,1
-2363,2692,junk,downtown,remnant_downtown_filler_20,xcpv_Mirror_Shop_Zeebark,1,25x25,1
-2361,2737,junk,downtown,remnant_downtown_filler_22,xcpv_Nerdy_Glasses_Billboard_FNS,0,25x25,1
-2360,2779,junk,downtown,remnant_downtown_filler_23,xcpv_News_Kiosk_Arramus,0,25x25,1
-2357,2908,junk,residential,remnant_house_06,xcpv_Home_Snark,2,42x42,1
-2346,1602,junk,wilderness,remnant_oldwest_07,xcpv_Field_Blueberry_01_ZZTong,0,25x25,1
-2339,-1423,redundant,downtown,downtown_filler_park_02,xcpv_Gamers_Cafe_Mute,2,25x25,1
-2339,2654,junk,downtown,rubble_downtown_filler_25,xcpv_Military_Installation_Zyncosa,0,25x25,1
-2324,2277,redundant,downtown,downtown_filler_31,xcpv_Uptown_Filler_04_LuzipherMST,3,25x25,1
-2324,2302,junk,downtown,remnant_downtown_filler_01,xcpv_Frat_House_EvilRacc0on,1,25x25,1
-2323,-1993,junk,downtown,rubble_downtown_filler_13,xcpv_Donut_Shop_Bigstep70,1,25x25,1
-2322,-1463,junk,downtown,rubble_downtown_filler_15,xcpv_Pop_in_Pills_Zeebark,1,25x25,1
-2322,2445,junk,downtown,remnant_downtown_filler_15,xcpv_Hostel_BYM1X,1,25x25,1
-2321,-1504,redundant,downtown,downtown_filler_31,xcpv_Kindergarden_Oscerc,1,25x25,1
-2321,1602,junk,wilderness,remnant_oldwest_04,xcpv_Farm_House_15_Oscerc,1,25x25,1
-2321,2737,junk,downtown,remnant_downtown_filler_29,xcpv_Mouse_House_BattlePapi,1,25x25,1
-2296,-2060,junk,downtown,remnant_downtown_filler_06,xcpv_Citizens_Advice_Office_Arramus,1,25x25,1
-2296,-1954,junk,downtown,remnant_downtown_filler_15,xcpv_Book_Store_ActiniumTiger,0,25x25,1
-2296,-1913,redundant,downtown,downtown_filler_03,xcpv_LittleAsia_filler_01_TFP,0,25x25,1
-2296,-1804,junk,downtown,rubble_downtown_filler_03,xcpv_Retro_Cafe_Zeebark,1,25x25,1
-2296,-1613,junk,downtown,rubble_downtown_filler_01,xcpv_Uptown_Filler_02_LuzipherMST,3,25x25,1
-2296,-1504,junk,downtown,rubble_downtown_filler_19,xcpv_Pizza_Time_FNS,0,25x25,1
-2295,-2128,junk,downtown,remnant_downtown_strip_18,xcpv_Saturn_Office_Doc_Saturn,3,42x42,1
-2295,-2027,junk,downtown,remnant_downtown_filler_30,xcpv_Castle_Chips_Arramus,2,25x25,1
-2295,-1654,redundant,downtown,downtown_filler_02,xcpv_LittleAsia_Modern_Cottage_StompyNZ,0,25x25,1
-2290,-1845,junk,downtown,remnant_downtown_filler_01,xcpv_Chippys_Chippy_Zeebark,1,25x25,1
-2290,-1545,redundant,downtown,downtown_filler_13,xcpv_JoJos_JSDoctor,2,25x25,1
-2278,-1721,junk,downtown,remnant_downtown_filler_29,xcpv_Prepper_Petes_Lunitar,2,25x25,1
-2278,-1694,junk,downtown,rubble_downtown_filler_24,xcpv_Uptown_Filler_01_LuzipherMST,2,25x25,1
-2278,-1421,junk,downtown,remnant_downtown_filler_30,xcpv_Video_Rental_Voltralux,1,25x25,1
-2271,-1913,junk,downtown,remnant_downtown_strip_19,xcpv_Saul_Goodman_InfectedGaming,2,42x42,1
-2267,-191,junk,wilderness,wilderness_filler_04,xcpv_Field_Hop_01_ZZTong,0,25x25,1
-2257,-1871,junk,downtown,rubble_downtown_filler_21,xcpv_Carpu_Pond_TehKarmah,0,25x25,0
-2257,-1846,junk,downtown,rubble_downtown_filler_22,xcpv_Blue_Fone_Cafe_Battlepapi,1,25x25,1
-2256,-1804,junk,downtown,remnant_downtown_filler_23,xcpv_7dtd_Tribute_OctoberFire,0,25x25,1
-2256,-1504,junk,downtown,rubble_downtown_filler_02,xcpv_Police_Station_Stallionsden,4,25x25,1
-2254,-2061,junk,downtown,rubble_downtown_filler_17,xcpv_Cyber_Cafe_Vittles,1,25x25,1
-2254,-2021,junk,downtown,rubble_downtown_filler_19,xcpv_Bike_BB_Zeebark,1,25x25,1
-2254,-1996,junk,downtown,rubble_downtown_filler_16,xcpv_Bakery_Shema,1,25x25,1
-2254,-1759,junk,downtown,remnant_downtown_filler_12,xcpv_Camera_Shop_Zeebark,1,25x25,1
-2254,-1459,redundant,downtown,downtown_filler_14,xcpv_Junkyard_WillyBilly,0,25x25,1
-2251,-1690,junk,downtown,remnant_school_01,xcpv_LittleAsia_Burger-Set_Shiso_Gohan,2,60x60,1
-2245,2027,junk,wilderness,remnant_oldwest_09,xcpv_Field_Coffee_01_ZZTong,0,25x25,1
-2242,2512,junk,residential,remnant_house_06,xcpv_Greenhouse_Haven_AndyRed,2,42x42,1
-2241,-2136,redundant,downtown,downtown_filler_13,xcpv_L4D_Pavilion_CraterCreator,0,25x25,1
-2231,-1721,junk,downtown,remnant_downtown_filler_21,xcpv_Polizei_Mute,2,25x25,1
-2231,-1421,junk,downtown,remnant_downtown_filler_05,xcpv_Filler_Park_10_Deverezieaux,0,25x25,0
-2231,-326,junk,wilderness,remnant_burnt_09,xcpv_Apollon_Bunker_AndyRed,2,42x42,1
-2229,2064,junk,wilderness,remnant_oldwest_05,xcpv_Field_Corn_01_ZZTong,0,25x25,1
-2216,-2136,junk,downtown,remnant_downtown_filler_26,xcpv_Church_Zeebark,1,25x25,1
-2213,-1995,redundant,downtown,downtown_filler_07,xcpv_GunShop_Kendo_VoltraLux,2,25x25,1
-2213,-1571,junk,downtown,remnant_downtown_filler_15,xcpv_Tattooist_01_Mute,2,25x25,1
-2212,-1951,junk,downtown,remnant_library_02,xcpv_Light_House_Sarongas1999_Crazy1,3,60x60,1
-2209,-2063,redundant,downtown,downtown_filler_22,xcpv_Kits_Gelato_Shema,2,25x25,1
-2208,2554,junk,residential,remnant_house_09,xcpv_Haunted_Halloween_House_Zeebark,5,42x42,1
-2206,-1845,junk,downtown,remnant_waste_19,xcpv_Shanty_Town_EvilRacc0on,2,42x42,1
-2206,-1783,junk,downtown,remnant_downtown_filler_16,xcpv_Apartment_Spider,2,25x25,1
-2206,-1758,junk,downtown,remnant_downtown_filler_18,xcpv_City_07_Stallionsden,1,25x25,1
-2206,-1721,junk,downtown,remnant_downtown_filler_28,xcpv_Observatory_NLBlackEagle,1,25x25,1
-2206,-1545,junk,downtown,remnant_downtown_strip_15,xcpv_Shrub_Conservatory_Werewulfen,1,42x42,1
-2206,-1458,junk,downtown,remnant_downtown_filler_06,xcpv_Antenna_BattlePapi,1,25x25,1
-2206,-1421,junk,downtown,rubble_downtown_filler_17,xcpv_Bad_Wolf_Plaza_TehKarmah,0,25x25,1
-2202,2321,redundant,wilderness,ranger_station_01,xcpv_Farmers_Market_01_ZZTong,1,42x42,1
-2192,2741,junk,residential,remnant_house_11,xcpv_Home_DeeJayWon,4,42x42,1
-2188,-1871,redundant,downtown,downtown_filler_05,xcpv_Lot_Vacant_02_ZZTong,0,25x25,1
-2181,-1791,junk,downtown,remnant_downtown_filler_07,xcpv_Assgard_Hardware_Battlepapi,1,25x25,1
-2181,-1766,junk,downtown,remnant_downtown_filler_08,xcpv_Bar_Vittles,1,25x25,1
-2181,-1491,junk,downtown,remnant_downtown_filler_26,xcpv_City_05_Stallionsden,1,25x25,1
-2181,-1466,junk,downtown,rubble_downtown_filler_13,xcpv_Park_Bench_InfectedGaming,0,25x25,1
-2179,2027,junk,wilderness,remnant_oldwest_08,xcpv_Field_Chickens_01_ZZTong,0,25x25,1
-2177,-528,junk,wilderness,remnant_downtown_filler_20,xcpv_Cabin_04_Stallionsden,1,25x25,1
-2173,-1978,redundant,downtown,downtown_filler_06,xcpv_Jail_Break_Pizza_Zeebark,2,25x25,1
-2172,-1721,junk,downtown,remnant_downtown_filler_04,xcpv_ProTech_Cafe_TheStainGaming,2,25x25,1
-2172,-1421,redundant,downtown,downtown_filler_22,xcpv_Kick_Flipz_VoltraLux,1,25x25,1
-2171,-2111,redundant,downtown,downtown_filler_02,xcpv_Lot_Vacant_01_ZZTong,0,25x25,1
-2171,-2086,junk,downtown,remnant_downtown_filler_05,xcpv_Cinema_Zeebark,2,25x25,1
-2171,-2039,junk,downtown,rubble_downtown_filler_25,xcpv_Billboard_OctoberFire,0,25x25,1
-2171,-1679,redundant,downtown,bank_02,xcpv_Key_2_Home_BattlePapi,1,25x25,1
-2171,-1654,junk,downtown,rubble_downtown_filler_20,xcpv_Supermarket_06_Dest_Zyncosa,0,25x25,1
-2171,-1610,junk,downtown,rubble_downtown_filler_16,xcpv_Washington_Cemetery_Double_G,1,25x25,1
-2152,-528,junk,wilderness,remnant_downtown_filler_21,xcpv_Store_XS_07_ZZTong,1,25x25,1
-2146,-1613,junk,downtown,remnant_downtown_filler_20,xcpv_Uptown_Filler_06_LuzipherMST,4,25x25,1
-2145,-1654,junk,downtown,remnant_downtown_filler_19,xcpv_Uptown_Filler_05_LuzipherMST,3,25x25,1
-2145,-1421,redundant,downtown,downtown_filler_11,xcpv_Store_XS_01_ZZTong,1,25x25,1
-2143,-1520,junk,downtown,rubble_downtown_filler_21,xcpv_Water_Tower_Dough,0,25x25,1
-2130,-1479,junk,downtown,remnant_downtown_strip_14,xcpv_Ski_Resort_Bar_NLBlackEagle,1,42x42,1
-2128,-1694,junk,downtown,remnant_downtown_filler_22,xcpv_Uptown_Filler_04_LuzipherMST,3,25x25,1
-2127,-528,junk,wilderness,remnant_downtown_filler_22,xcpv_Bunker_NLBlackEagle,1,25x25,1
-2127,-492,junk,wilderness,remnant_downtown_filler_24,xcpv_Cabin_01_ZZTong,1,25x25,1
-2108,-1421,junk,downtown,rubble_downtown_filler_23,xcpv_Warehouse_05_ZZTong,1,25x25,1
-2104,-1571,junk,downtown,lot_downtown_filler_01,xcpv_Supermarket_06_Zyncosa,0,25x25,1
-2103,-1545,redundant,downtown,downtown_filler_01,xcpv_Food_Store_ActiniumTiger,1,25x25,1
-2103,-1520,redundant,downtown,downtown_filler_15,xcpv_Apartment_03_Stallionsden,3,25x25,1
-2102,-528,junk,wilderness,remnant_downtown_filler_27,xcpv_Speleological_Society_01_ZZTong,3,25x25,1
-2102,-492,junk,wilderness,remnant_downtown_filler_23,xcpv_Store_XS_18_ZZTong,1,25x25,1
-2093,-3300,junk,wilderness,wilderness_filler_13,xcpv_Small_Hive_FNS,4,25x25,1
-2089,-2528,junk,wilderness,remnant_downtown_filler_18,xcpv_Military_Dumpsite_02_Weazelsun,0,25x25,1
-2083,-1421,redundant,downtown,downtown_filler_09,xcpv_Olive_Burgr_WillyBilly,0,25x25,1
-2064,-1481,junk,downtown,remnant_downtown_strip_13,xcpv_Skyscraper_01_ZZTong,5,42x42,1
-2063,-1613,junk,downtown,remnant_downtown_strip_09,xcpv_Skyscraper_Peppino,4,42x42,1
-2063,-1571,junk,downtown,rubble_downtown_filler_22,xcpv_Pet_Salon_Zeebark,1,25x25,1
-2057,-1421,redundant,downtown,downtown_filler_07,xcpv_Seafood_Shop_Guppycur,1,25x25,1
-2022,-1520,redundant,downtown,downtown_filler_05,xcpv_Chicken_Park_01_Weazelsun,0,25x25,1
-2021,-1679,redundant,downtown,downtown_filler_27,xcpv_Zee_Antiques_Zeebark,3,25x25,1
-2021,-1654,junk,downtown,remnant_downtown_filler_02,xcpv_Supermarket_05_Dest_Zyncosa,0,25x25,1
-2021,-1610,junk,downtown,remnant_downtown_filler_17,xcpv_TFP_Remnant_Industrial_04_ZZTong,0,25x25,1
-1995,-1614,junk,downtown,rubble_downtown_filler_03,xcpv_Used_Cars_Vitttles,1,25x25,1
-1992,-3151,redundant,gateway,store_grocery_06,xcpv_Market_Captionrun_Sandmansa,2,60x60,1
-1984,-2634,redundant,wilderness,water_tower_03,xcpv_Ranger_Cabin_Guppycur,0,25x25,1
-1970,-1695,junk,downtown,remnant_downtown_filler_01,xcpv_Nutz_TehKarmah,1,25x25,1
-1970,-1614,junk,downtown,remnant_downtown_filler_23,xcpv_Uptown_Filler_03_LuzipherMST,3,25x25,1
-1970,-1574,redundant,downtown,downtown_filler_30,xcpv_Supermarket_02_Zyncosa,0,25x25,1
-1942,436,redundant,wilderness,downtown_filler_park_05,xcpv_Forest_1_Killerbunny,1,25x25,1
-1929,2395,junk,wilderness,wilderness_filler_17,xcpv_Trailer_04_ZZTong,1,25x25,1
-1917,-2636,junk,wilderness,wilderness_filler_12,xcpv_Small_Bunker_InfectedGaming,2,25x25,1
-1913,-1419,junk,wilderness,wilderness_filler_16,xcpv_Hestias_Hot_Spring_FNS,0,25x25,1
-1882,753,junk,wilderness,wilderness_filler_14,xcpv_Rural_Filler_01_ZZTong,0,25x25,1
-1871,-1660,junk,downtown,remnant_downtown_filler_12,xcpv_Ultrascans_Clinic_AndyRed,1,25x25,1
-1871,-1634,junk,downtown,remnant_downtown_filler_18,xcpv_Pet_Store_Zeebark,1,25x25,1
-1871,-1609,junk,downtown,remnant_downtown_filler_29,xcpv_Pinocchio_Arramus,1,25x25,1
-1871,-1572,junk,downtown,remnant_downtown_filler_07,xcpv_Zee_Plantz_Zeebark,1,25x25,1
-1856,-3266,junk,wilderness,remnant_house_20,xcpv_Bunny_Ranch_Stallionsden,5,60x60,1
-1848,17,junk,wilderness,lot_industrial_07,xcpv_Cabin_02_Stallionsden,1,25x25,1
-1848,46,junk,wilderness,lot_industrial_06,xcpv_Cabin_02_ZZTong,2,25x25,1
-1847,774,junk,wilderness,wilderness_filler_15,xcpv_Ranger_Cabin_Guppycur,0,25x25,1
-1843,-304,junk,industrial,remnant_waste_06,xcpv_Cult_EvilRacc0on,3,42x42,1
-1843,821,junk,wilderness,wilderness_filler_13,xcpv_Research_Station_NLBlackEagle,1,25x25,1
-1841,-47,redundant,wilderness,ranger_station_01,xcpv_Car_Show_01_ZZTong,1,42x42,1
-1834,-2934,junk,countrytown,lot_vacant_01,xcpv_Oldwest_AssayLand_Chaz916Gaming,0,25x25,1
-1831,-436,junk,industrial,lot_industrial_10,xcpv_LittleAsia_Living_House_sm_Magoli,1,25x25,1
-1831,2832,junk,wilderness,lot_industrial_01,xcpv_Site_2_AndyRed,0,25x25,1
-1827,-3192,junk,residential,remnant_house_11,xcpv_House_01_Dest_Nodabba,0,42x42,1
-1826,-339,junk,industrial,lot_industrial_04,xcpv_Lot_Vacant_08_Evilracc0on,1,25x25,1
-1812,132,junk,wilderness,wilderness_filler_02,xcpv_Cabin_03_Stallionsden,0,25x25,1
-1807,-183,junk,wilderness,lot_industrial_18,xcpv_Tank_Mackenziix,0,25x25,1
-1804,577,junk,wilderness,wilderness_filler_02,xcpv_Rural_Filler_04_ZZTong,0,25x25,1
-1800,-945,redundant,wilderness,parking_garage_02,xcpv_Containers_01_ZZTong,1,42x42,1
-1799,-843,redundant,wilderness,parking_garage_01,xcpv_Cave_1_Zyncosa,0,42x42,1
-1787,2861,junk,wilderness,lot_industrial_07,xcpv_Site_5_AndyRed,0,25x25,0
-1786,-236,junk,industrial,lot_industrial_12,xcpv_Store_Set_2_Guppycur,2,25x25,1
-1782,-183,junk,wilderness,lot_industrial_17,xcpv_Field_Mushroom_01_ZZTong,0,25x25,1
-1780,-493,junk,industrial,remnant_burnt_05,xcpv_Community_Hall_Zeebark,1,42x42,1
-1774,362,redundant,wilderness,downtown_filler_park_01,xcpv_Taylors_Camp_Tdestructinator,1,25x25,1
-1765,-1394,redundant,wilderness,utility_celltower_01,xcpv_Field_Aloe_01_ZZTong,0,25x25,1
-1762,2861,junk,wilderness,lot_industrial_07,xcpv_Trailer_03_ZZTong,1,25x25,1
-1759,-329,junk,industrial,remnant_burnt_06,xcpv_County_Jail_Volar,5,42x42,1
-1757,-183,junk,wilderness,lot_industrial_19,xcpv_TFP_Ranger_Station_01_ZZTong,1,25x25,1
-1755,-409,redundant,industrial,parking_lot_03,xcpv_Gun_Mechanic_Baziez,5,42x42,1
-1755,-257,redundant,industrial,gas_station_03,xcpv_Sams_Hardware_HuskyJ1821,2,42x42,1
-1739,-61,junk,wilderness,lot_industrial_20,xcpv_Trailer_01_ZZTong,2,25x25,1
-1732,-183,junk,wilderness,lot_industrial_20,xcpv_Studio_01_ZZTong,0,25x25,1
-1728,-476,junk,industrial,lot_industrial_11,xcpv_Lot_Vacant_07_EvilRacc0on,1,25x25,1
-1722,-3045,junk,countrytown,lot_vacant_02,xcpv_Oldwest_Apothecary_Medusa,1,25x25,1
-1688,-2886,junk,countrytown,lot_industrial_18,xcpv_Oldwest_Boarding_House_Chaz916Gaming,1,25x25,1
-1683,-3034,junk,countrytown,lot_vacant_04,xcpv_Oldwest_Bank_Fire_Chaz916Gaming,2,25x25,1
-1682,-2852,junk,countrytown,remnant_business_06,xcpv_Oldwest_Blacksmith_Zeebark,1,25x25,1
-1680,-2773,junk,countrytown,lot_industrial_19,xcpv_Oldwest_Blain_Metal_Chaz916Gaming,0,25x25,1
-1679,-325,redundant,industrial,parking_lot_01,xcpv_Landscaping_Supplies_Dest_Zyncosa,1,42x42,1
-1654,-241,redundant,industrial,lot_vacant_05,xcpv_State_Penitentiary_Zyncosa,2,42x42,1
-1621,-1439,junk,wilderness,wilderness_filler_02,xcpv_Watch_Tower_1_Fleshus,2,25x25,1
-1618,3433,redundant,wilderness,warehouse_07,xcpv_Farmer_Giles_Arramus,2,42x42,1
-1607,-329,redundant,industrial,industrial_business_08,xcpv_7_Dogs_KillerBee,1,42x42,1
-1598,1588,junk,wilderness,remnant_burnt_01,xcpv_Bunker_2_InfectedGaming,4,42x42,1
-1588,-1554,junk,wilderness,wilderness_filler_08,xcpv_Rural_Filler_02_ZZTong,0,25x25,1
-1586,-1510,junk,wilderness,wilderness_filler_20,xcpv_Wilderness_Filler_01_ZZTong,0,25x25,1
-1586,-1425,junk,wilderness,wilderness_filler_15,xcpv_Wilderness_Filler_02_ZZTong,0,25x25,1
-1586,-281,junk,industrial,lot_industrial_05,xcpv_LittleAsia_Rickshaw_Stand_Komotipanda,0,25x25,1
-1572,-2922,junk,countrytown,lot_industrial_21,xcpv_Oldwest_Band_Stand_Zeebark,0,25x25,1
-1547,-174,junk,wilderness,lot_industrial_09,xcpv_Wilderness_Filler_03_ZZTong,0,25x25,0
-1545,3105,junk,industrial,lot_industrial_06,xcpv_Used_Cars_Vitttles,1,25x25,1
-1544,-2813,junk,residential,remnant_burnt_01,xcpv_House_01_Fortbrick,2,42x42,1
-1538,2029,junk,countryresidential,lot_industrial_15,xcpv_CQC_House_EvilRacc0on,1,25x25,1
-1522,-174,junk,wilderness,lot_industrial_07,xcpv_Zmart_Zeebark,1,25x25,1
-1503,181,junk,wilderness,wilderness_filler_04,xcpv_Field_Fish_01_ZZTong,0,25x25,1
-1501,-318,junk,wilderness,lot_industrial_16,xcpv_Field_Potato_01_ZZTong,0,25x25,1
-1499,-342,junk,wilderness,lot_downtown_filler_01,xcpv_Tower_Fluffy_Panda,1,25x25,1
-1487,-515,junk,wilderness,lot_industrial_15,xcpv_Fire_Watch_Tower_SciFiFlippa,1,25x25,1
-1482,724,junk,wilderness,wilderness_filler_01,xcpv_Rural_Filler_03_ZZTong,0,25x25,1
-1477,-2612,redundant,wilderness,water_tower_03,xcpv_Rural_Filler_03_ZZTong,0,25x25,1
-1473,1949,junk,countryresidential,lot_industrial_11,xcpv_Burnt_Shell_EvilRacc0on,0,25x25,1
-1442,-2259,junk,wilderness,wilderness_filler_04,xcpv_Post_NLBlackEagle,1,25x25,1
-1438,1949,junk,countryresidential,lot_vacant_09,xcpv_Caravan_Vastary,1,25x25,1
-1426,-893,redundant,wilderness,water_tower_03,xcpv_Field_Blueberry_01_ZZTong,0,25x25,1
-1426,-859,redundant,wilderness,water_tower_03,xcpv_Farm_House_15_Oscerc,1,25x25,1
-1414,-826,junk,wilderness,lot_industrial_09,xcpv_Forest_Camp_Officericee,0,25x25,1
-1395,3078,junk,industrial,lot_industrial_07,xcpv_Smoke_Shop_EvilRacc0on,1,25x25,1
-1352,872,junk,wilderness,wilderness_filler_12,xcpv_Rural_Filler_02_ZZTong,0,25x25,1
-1236,3055,junk,wilderness,lot_industrial_06,xcpv_Peggys_Petting_Zoo_FNS,1,25x25,1
-1234,2937,junk,wilderness,lot_industrial_03,xcpv_Mine_Zyncosa,2,25x25,1
-1234,2962,junk,wilderness,lot_industrial_04,xcpv_Oil_Pump_WillyBilly,0,25x25,1
-1234,2987,junk,wilderness,lot_industrial_05,xcpv_Paddys_Pumpkin_Patch_FNS,0,25x25,1
-1223,2771,junk,wilderness,lot_industrial_01,xcpv_Mine_Dest_Zyncosa,1,25x25,1
-1178,-3040,junk,wilderness,wilderness_filler_03,xcpv_Ancient_Apache_Ground_Nauti_Angel,0,25x25,1
-1153,-36,redundant,wilderness,utility_electric_co_01,xcpv_Mass_Grave_EvilRacc0on,0,42x42,1
-1113,2754,junk,wilderness,lot_industrial_15,xcpv_Post_NLBlackEagle,1,25x25,1
-1113,2779,junk,wilderness,lot_industrial_11,xcpv_Potatofield_Oscerc,0,25x25,0
-1104,1659,junk,wilderness,wilderness_filler_19,xcpv_Field_Pumpkin_01_ZZTong,0,25x25,1
-1084,79,junk,wilderness,lot_industrial_15,xcpv_Gas_Station_01_ZZTong,1,25x25,1
-1082,-174,junk,industrial,remnant_industrial_large_01,xcpv_Big_Blue_Box_01_AndyRed,5,100x100,1
-1067,1585,junk,wilderness,lot_downtown_filler_01,xcpv_Stormwater_Detention_Pond_01_ZZTong,0,25x25,1
-1064,28,junk,wilderness,wilderness_filler_03,xcpv_Chicken_Survivor_Site_01_Weazelsun,0,25x25,1
-1054,103,junk,wilderness,lot_industrial_16,xcpv_Cave_05_Fluffy_Panda,0,25x25,1
-1040,-3,junk,wilderness,wilderness_filler_10,xcpv_Cave_03_Fluffy_Panda,0,25x25,1
-1033,1500,junk,wilderness,remnant_hospital_01,xcpv_Abandoned_Shelter_Viper_Seven,2,60x60,1
-1030,52,junk,wilderness,wilderness_filler_15,xcpv_Cave_NAGG,3,25x25,1
-1015,-39,junk,wilderness,lot_industrial_10,xcpv_Field_Corn_01_ZZTong,0,25x25,1
-990,-39,junk,wilderness,lot_industrial_14,xcpv_Paddys_Pumpkin_Patch_FNS,0,25x25,1
-986,14,junk,wilderness,wilderness_filler_14,xcpv_Peggys_Petting_Zoo_FNS,1,25x25,1
-984,68,junk,wilderness,lot_industrial_19,xcpv_Rural_Filler_04_ZZTong,0,25x25,1
-981,102,junk,wilderness,lot_industrial_17,xcpv_Store_XS_17_ZZTong,2,25x25,1
-972,-195,junk,industrial,lot_industrial_10,xcpv_Warehouse_03_ZZTong,2,25x25,1
-970,1127,junk,wilderness,wilderness_filler_19,xcpv_Field_Yucca_01_ZZTong,0,25x25,1
-959,68,junk,wilderness,lot_industrial_20,xcpv_Hunters_Rest_EvilRacc0on,0,25x25,1
-952,-23,junk,wilderness,lot_rural_filler_21,xcpv_Coronado_Lake_Slaan,0,60x60,1
-946,-107,junk,industrial,remnant_business_01,xcpv_Fuel_Depot_Talladaye,3,60x60,1
-946,722,junk,downtown,rubble_downtown_filler_14,xcpv_Store_XS_01_ZZTong,1,25x25,1
-946,769,redundant,downtown,downtown_filler_25,xcpv_Pop_in_Pills_Zeebark,1,25x25,1
-946,828,redundant,downtown,downtown_filler_30,xcpv_Pizza_Time_FNS,0,25x25,1
-945,103,junk,wilderness,lot_industrial_18,xcpv_Rural_Filler_03_ZZTong,0,25x25,1
-945,487,junk,downtown,remnant_downtown_strip_05,xcpv_Pharmacy_01_ZZTong,1,42x42,1
-943,406,junk,downtown,remnant_downtown_filler_16,xcpv_Supermarket_05_Zyncosa,0,25x25,1
-943,431,junk,downtown,remnant_downtown_filler_22,xcpv_Uptown_Filler_08_LuzipherMST,3,25x25,1
-943,456,junk,downtown,remnant_downtown_filler_14,xcpv_Surprise_Store_InfectedGaming,1,25x25,1
-943,556,junk,downtown,remnant_downtown_filler_27,xcpv_Park_Grampt,0,25x25,1
-943,581,junk,downtown,remnant_downtown_filler_01,xcpv_Oil_Pump_Jack_01_ZZTong,0,25x25,1
-943,606,junk,downtown,remnant_downtown_filler_04,xcpv_Simps_Camping_Battlepapi,1,25x25,1
-936,-182,redundant,industrial,parking_lot_01,xcpv_Olympic_Pool_BraizD,1,42x42,1
-931,-286,junk,industrial,lot_industrial_09,xcpv_Waste_Disposal_Vittles,1,25x25,1
-927,-255,redundant,industrial,lot_vacant_05,xcpv_Flerova_Armstrong794,4,42x42,1
-909,794,junk,downtown,rubble_downtown_filler_04,xcpv_Olive_Burgr_WillyBilly,0,25x25,1
-908,746,junk,downtown,rubble_downtown_filler_12,xcpv_Seafood_Shop_Guppycur,1,25x25,1
-903,406,junk,downtown,remnant_downtown_filler_19,xcpv_TFP_Office88_Voltralux,2,25x25,1
-903,528,junk,downtown,remnant_downtown_filler_18,xcpv_Tattooist_Mute,0,25x25,1
-903,556,junk,downtown,remnant_downtown_filler_29,xcpv_Store_Bob_diegar,2,25x25,1
-903,678,junk,downtown,remnant_downtown_filler_02,xcpv_Supermarket_02_Zyncosa,0,25x25,1
-893,-2945,junk,wilderness,wilderness_filler_15,xcpv_Field_Mushroom_01_ZZTong,0,25x25,1
-892,51,redundant,wilderness,warehouse_07,xcpv_House_03_Curbolt,2,42x42,1
-878,486,junk,downtown,remnant_downtown_strip_04,xcpv_Perkatory_Fluffy_Panda,2,42x42,1
-878,636,junk,downtown,remnant_business_04,xcpv_Propane_01_ZZTong,2,42x42,1
-876,819,redundant,downtown,downtown_filler_27,xcpv_Pump_Substation_01_ZZTong,0,25x25,1
-872,19,junk,wilderness,lot_industrial_15,xcpv_Mine_Zyncosa,2,25x25,1
-865,3079,junk,wilderness,remnant_skyscraper_04,xcpv_Army_Site_Mute,5,60x60,1
-864,404,junk,downtown,remnant_downtown_filler_21,xcpv_Tattoo_Parlour_Mute,1,25x25,1
-864,429,junk,downtown,remnant_downtown_strip_03,xcpv_Phabbers_Cafe_Zeebark,4,42x42,1
-864,554,junk,downtown,remnant_downtown_filler_28,xcpv_Pet_Store_Oscerc,1,25x25,1
-864,579,junk,downtown,remnant_downtown_strip_01,xcpv_Pound_Store_Mute,2,42x42,1
-863,704,junk,downtown,rubble_downtown_filler_13,xcpv_Food_Store_ActiniumTiger,1,25x25,1
-858,2968,junk,wilderness,lot_downtown_filler_01,xcpv_Store_XS_19_ZZTong,2,25x25,1
-855,-259,redundant,industrial,warehouse_06,xcpv_7_End_Store_Jackelmyer,1,42x42,1
-850,51,redundant,wilderness,warehouse_06,xcpv_Haunted_Mansion_Fluffy_Panda,1,42x42,1
-848,-182,redundant,industrial,warehouse_05,xcpv_Monster_Flex_Gym_Swolk,3,42x42,1
-844,19,junk,wilderness,lot_industrial_11,xcpv_Site_2_AndyRed,0,25x25,1
-828,-326,junk,industrial,lot_vacant_02,xcpv_Optometrists_Vittles,1,25x25,1
-822,-495,junk,industrial,lot_vacant_01,xcpv_LittleAsia_Pagoda_Magoli,3,25x25,1
-822,470,junk,downtown,remnant_downtown_filler_17,xcpv_They_All_Float_Down_Here_FNS,1,25x25,1
-822,495,junk,downtown,remnant_downtown_filler_20,xcpv_Tribute_OctoberFire,0,25x25,1
-822,520,junk,downtown,remnant_downtown_filler_15,xcpv_Uptown_Filler_07_LuzipherMST,3,25x25,1
-822,620,junk,downtown,remnant_downtown_filler_06,xcpv_ZVS_Pharmacy_Ogodno77,1,25x25,1
-822,645,junk,downtown,remnant_downtown_filler_26,xcpv_Zee_Antiques_Zeebark,3,25x25,1
-822,670,junk,downtown,remnant_downtown_filler_05,xcpv_Charity_Bar_Duplex_Zeebark,2,25x25,1
-822,710,junk,downtown,rubble_downtown_filler_15,xcpv_Fast_Food_Vittles,1,25x25,1
-821,743,junk,downtown,rubble_downtown_filler_05,xcpv_City_Park_1_OctoberFire,0,25x25,1
-810,20,junk,wilderness,lot_industrial_07,xcpv_Oil_Pump_WillyBilly,0,25x25,1
-808,51,redundant,wilderness,warehouse_05,xcpv_Forest_2_Killerbunny,2,42x42,1
-796,-264,junk,industrial,lot_industrial_03,xcpv_Restaurant_Gertle,1,25x25,1
-796,337,junk,downtown,remnant_downtown_filler_23,xcpv_Zap_Arcade_Voltralux,2,25x25,1
-796,422,junk,downtown,rubble_downtown_filler_22,xcpv_Dentist_Vittles,1,25x25,1
-796,469,redundant,downtown,downtown_filler_01,xcpv_Assgard_Hardware_Battlepapi,1,25x25,1
-796,528,junk,downtown,rubble_downtown_filler_21,xcpv_Store_XS_03_ZZTong,2,25x25,1
-796,3122,junk,downtown,rubble_downtown_filler_19,xcpv_Supermarket_06_Zyncosa,0,25x25,1
-796,3169,junk,downtown,rubble_downtown_filler_20,xcpv_Wooden_Store_Guppycur,1,25x25,1
-796,3228,redundant,downtown,downtown_filler_31,xcpv_Zap_Arcade_Voltralux,2,25x25,1
-795,-555,junk,industrial,remnant_burnt_05,xcpv_Community_Center_Zeebark,5,42x42,1
-795,296,junk,downtown,remnant_downtown_filler_11,xcpv_Uptown_Filler_10_LuzipherMST,5,25x25,1
-795,653,junk,downtown,rubble_downtown_filler_02,xcpv_Filler_2_Stallionsden,0,25x25,1
-794,-320,redundant,industrial,warehouse_04,xcpv_Alamo_Restaurant_Voltralux,2,42x42,1
-793,896,redundant,industrial,remnant_waste_05,xcpv_Wine_Warehouse_CTVIGaming,1,42x42,1
-791,-82,junk,industrial,lot_industrial_15,xcpv_Supermarket_03_Dest_Zyncosa,0,25x25,1
-789,-391,junk,industrial,lot_industrial_21,xcpv_Supermarket_03_Zyncosa,0,25x25,1
-782,714,junk,industrial,remnant_waste_06,xcpv_Cell_Tower_Axebeard,2,42x42,1
-782,802,junk,industrial,remnant_waste_08,xcpv_Cement_Plant_01_ZZTong,2,42x42,1
-779,-475,redundant,industrial,fire_station_02,xcpv_Mechanics_Dest_Zyncosa,2,42x42,1
-779,-195,junk,industrial,remnant_burnt_06,xcpv_City_Park_Spider,1,42x42,1
-778,3061,junk,downtown,remnant_downtown_strip_04,xcpv_Office_Building_03_ZZTong,5,42x42,1
-777,-705,redundant,industrial,utility_electric_co_01,xcpv_Town_Hall_Guppycur,2,42x42,1
-777,-143,junk,industrial,remnant_waste_08,xcpv_City_Park_Cerberus,3,42x42,1
-776,861,junk,industrial,lot_industrial_17,xcpv_Servo_OctoberFire,1,25x25,1
-774,19,junk,wilderness,wilderness_filler_01,xcpv_Army_Point_Kopfgeldjaeger,1,25x25,1
-771,337,junk,downtown,remnant_downtown_strip_06,xcpv_Post_Office_Weazelsun,1,42x42,1
-771,3104,junk,downtown,remnant_downtown_strip_01,xcpv_Orphanage_Ornate02,1,42x42,1
-768,-611,junk,industrial,remnant_burnt_06,xcpv_Community_Centre_Voltralux,3,42x42,1
-766,51,redundant,wilderness,warehouse_04,xcpv_Flight_Tower_NLBlackEagle,3,42x42,1
-761,-266,redundant,industrial,parking_lot_03,xcpv_Landscaping_Supplies_Zyncosa,2,42x42,1
-761,2954,junk,downtown,rubble_downtown_filler_16,xcpv_Supermarket_05_Dest_Zyncosa,0,25x25,1
-761,2991,junk,downtown,remnant_downtown_filler_04,xcpv_Antenna_BattlePapi,1,25x25,1
-761,3016,junk,downtown,rubble_downtown_filler_11,xcpv_7dtd_Tribute_OctoberFire,0,25x25,1
-758,446,junk,downtown,rubble_downtown_filler_23,xcpv_Detective_Medusa,1,25x25,1
-758,3146,redundant,downtown,downtown_filler_22,xcpv_Supermarket_05_Zyncosa,0,25x25,1
-754,-391,redundant,industrial,warehouse_07,xcpv_Mechanics_Zyncosa,2,42x42,1
-754,379,junk,downtown,remnant_downtown_filler_08,xcpv_Valentine_Gift_Shop_Libby,1,25x25,1
-753,-646,junk,industrial,lot_industrial_06,xcpv_LittleAsia_Temple_Monks_Magoli,2,25x25,1
-751,-3234,junk,wilderness,wilderness_filler_04,xcpv_Garage_01_ZZTong,0,25x25,1
-751,260,junk,downtown,remnant_library_01,xcpv_Jabel_library_Jamminen,3,60x60,1
-751,519,junk,downtown,rubble_downtown_filler_24,xcpv_Corner_Store_Alice,1,25x25,1
-751,3219,junk,downtown,rubble_downtown_filler_18,xcpv_TFP_Remnant_Industrial_04_ZZTong,0,25x25,1
-743,-557,redundant,industrial,remnant_waste_05,xcpv_Florist_Zeebark,2,42x42,1
-742,-345,redundant,industrial,utility_celltower_01,xcpv_Wooden_Store_Guppycur,1,25x25,1
-737,3278,redundant,wilderness,downtown_filler_22,xcpv_Site_1_AndyRed,0,25x25,1
-736,964,junk,industrial,lot_industrial_18,xcpv_Observatory_NLBlackEagle,1,25x25,1
-736,2954,junk,downtown,rubble_downtown_filler_15,xcpv_Supermarket_06_Dest_Zyncosa,0,25x25,1
-734,3194,redundant,downtown,downtown_filler_27,xcpv_ZBites_Zeebark,2,25x25,1
-730,-793,junk,industrial,remnant_waste_08,xcpv_Coffee_Shop_ChickenRH,2,42x42,1
-726,3219,redundant,downtown,downtown_filler_25,xcpv_Watering_Hole_01_ZZTong,0,25x25,1
-725,-72,junk,industrial,lot_industrial_16,xcpv_Store_XS_04_ZZTong,1,25x25,1
-723,-168,junk,industrial,remnant_burnt_05,xcpv_Coffee_Shop_02_EvilRacc0on,1,42x42,1
-714,-644,redundant,industrial,warehouse_05,xcpv_Drs_Office_Bostonlondon,1,42x42,1
-714,653,junk,downtown,remnant_downtown_filler_11,xcpv_Countrytown_Alice,2,25x25,1
-714,678,junk,downtown,remnant_downtown_filler_09,xcpv_Estate_Agent_Medusa,1,25x25,1
-713,337,junk,downtown,remnant_downtown_strip_02,xcpv_Political_Party_Hq_01_ZZTong,4,42x42,1
-713,379,junk,downtown,remnant_downtown_filler_07,xcpv_ZBites_Zeebark,2,25x25,1
-713,444,junk,downtown,rubble_downtown_filler_20,xcpv_Drive_Thru_01_ZZTong,1,25x25,1
-713,2992,junk,downtown,remnant_downtown_filler_02,xcpv_Apartment_Spider,2,25x25,1
-713,3144,junk,downtown,rubble_downtown_filler_17,xcpv_Watering_Hole_02_ZZTong,1,25x25,1
-710,3079,junk,downtown,rubble_downtown_filler_14,xcpv_Assgard_Hardware_Battlepapi,1,25x25,1
-709,554,redundant,downtown,downtown_filler_30,xcpv_Imhoteps_Kebap_Shema,1,25x25,1
-709,871,junk,industrial,remnant_burnt_06,xcpv_Cemetery_Zeebark,2,42x42,1
-707,-479,redundant,industrial,warehouse_08,xcpv_Pass_N_Gas_InfectedGaming,2,42x42,1
-707,-291,redundant,industrial,parking_lot_01,xcpv_Fastfood_Roosters_VoltraLux,2,42x42,1
-707,704,redundant,industrial,utility_electric_co_02,xcpv_Oil_Refinery_Zyncosa,3,60x60,1
-707,794,junk,industrial,remnant_waste_15,xcpv_Dunkin_Nonuts_Riahsaurus_Rex,1,60x60,1
-705,-709,redundant,industrial,parking_lot_01,xcpv_Disco_Xan,2,42x42,1
-705,-239,redundant,industrial,industrial_business_08,xcpv_Fire_House_Warsaken,1,42x42,1
-705,943,redundant,industrial,utility_electric_co_01,xcpv_Warehouse_NLBlackEagle,2,42x42,1
-704,595,junk,downtown,remnant_downtown_strip_12,xcpv_Reload_Time_TheStainGaming,3,42x42,1
-691,-36,junk,wilderness,wilderness_filler_02,xcpv_Cabin_01_Stallionsden,1,25x25,1
-689,494,junk,downtown,remnant_downtown_strip_11,xcpv_Refuge_Camp_LazyTurtle89,3,42x42,1
-689,2954,junk,downtown,lot_downtown_filler_01,xcpv_Bad_Wolf_Plaza_TehKarmah,0,25x25,1
-689,3194,junk,downtown,remnant_business_04,xcpv_Oyoo_Store_Battlepapi,2,42x42,1
-688,-2262,junk,wilderness,wilderness_filler_04,xcpv_Stormwater_Detention_Pond_01_ZZTong,0,25x25,1
-688,2979,junk,downtown,remnant_downtown_strip_03,xcpv_Offices_Zeebark,2,42x42,1
-686,-431,junk,industrial,lot_industrial_11,xcpv_Store_XS_15_ZZTong,1,25x25,1
-682,-526,junk,industrial,lot_vacant_03,xcpv_Small_Cafe_Bostonlondon,0,25x25,1
-678,-776,junk,industrial,lot_industrial_08,xcpv_LittleAsia_Sword_Master_Magoli,0,25x25,1
-677,3078,junk,downtown,rubble_downtown_filler_13,xcpv_Tattooist_01_Mute,2,25x25,1
-676,-335,junk,industrial,lot_industrial_02,xcpv_PoPo_TehKarmah,2,25x25,1
-674,653,junk,downtown,remnant_downtown_filler_25,xcpv_Filler_Sandbox_1_Arramus,0,25x25,0
-672,-592,junk,industrial,lot_vacant_04,xcpv_Power_Station_LuckyStar,1,25x25,1
-672,554,junk,downtown,rubble_downtown_filler_25,xcpv_City_Park_OctoberFire,0,25x25,1
-671,-153,junk,industrial,lot_industrial_17,xcpv_Supermarket_04_Zyncosa,0,25x25,1
-671,271,junk,downtown,remnant_downtown_filler_25,xcpv_Uptown_filler_11_LuzipherMST,2,25x25,1
-671,296,junk,downtown,remnant_downtown_filler_24,xcpv_Watering_Hole_01_ZZTong,0,25x25,1
-671,340,junk,downtown,remnant_downtown_filler_12,xcpv_Uptown_Filler_09_LuzipherMST,2,25x25,1
-671,3037,junk,downtown,remnant_downtown_filler_01,xcpv_Bar_Vittles,1,25x25,1
-671,3143,redundant,downtown,downtown_filler_30,xcpv_TFP_Office88_Voltralux,2,25x25,1
-664,33,redundant,wilderness,warehouse_02,xcpv_Excavator_Mass_Grave_Pille,1,60x60,1
-658,1,junk,wilderness,lot_industrial_12,xcpv_Site_5_AndyRed,0,25x25,0
-646,943,junk,industrial,remnant_business_01,xcpv_Dunkinz_Donuts_Genavimex,5,60x60,1
-646,3037,junk,downtown,remnant_downtown_filler_12,xcpv_City_07_Stallionsden,1,25x25,1
-646,3143,junk,downtown,rubble_downtown_filler_03,xcpv_Castle_Chips_Arramus,2,25x25,1
-646,3187,junk,downtown,remnant_downtown_filler_08,xcpv_Bike_BB_Zeebark,1,25x25,1
-646,3212,junk,downtown,rubble_downtown_filler_05,xcpv_Chemical_Lot_TFP,1,25x25,1
-645,-555,redundant,industrial,industrial_business_08,xcpv_Pass_Gass_Mute,1,42x42,1
-645,-405,redundant,industrial,parking_lot_02,xcpv_Gas_Station_Warsaken,1,42x42,1
-645,336,junk,downtown,rubble_downtown_filler_03,xcpv_Entrance_Sinkhole_FNS,0,25x25,1
-645,2996,junk,downtown,rubble_downtown_filler_01,xcpv_Chippys_Chippy_Zeebark,1,25x25,1
-644,811,junk,downtown,remnant_downtown_filler_23,xcpv_Filler_1_Stallionsden,0,25x25,1
-640,749,junk,downtown,remnant_hospital_01,xcpv_Johns_Johns_FNS,2,60x60,1
-637,280,junk,downtown,remnant_downtown_strip_08,xcpv_Pub_NLBlackEagle,1,42x42,1
-636,624,junk,downtown,remnant_downtown_filler_24,xcpv_Filler_Park_11_Deverezieaux,0,25x25,0
-636,868,redundant,industrial,utility_refinery_01,xcpv_Warehouse_Theodryck,1,42x42,1
-632,-3390,junk,wilderness,lot_industrial_01,xcpv_Chicken_Survivor_Site_01_Weazelsun,0,25x25,1
-632,-786,redundant,industrial,warehouse_07,xcpv_US_Army_Base_TheStainGaming,3,42x42,1
-632,-698,junk,industrial,remnant_waste_06,xcpv_Community_Garden_CupCakeKiller,4,42x42,1
-632,-336,junk,industrial,remnant_waste_06,xcpv_City_08_Stallionsden,2,42x42,1
-632,-248,redundant,industrial,remnant_waste_05,xcpv_KZMB_Radio_01_ZZTong,3,42x42,1
-632,1026,junk,industrial,remnant_industrial_large_02,xcpv_Badonkadonk_CaptainandMental,5,100x100,1
-629,-28,junk,wilderness,wilderness_filler_17,xcpv_Military_Supply_Stash_Viper7,0,25x25,1
-629,704,junk,downtown,lot_downtown_filler_01,xcpv_Electrical_Substation_01_ZZTong,0,25x25,1
-628,2956,junk,downtown,remnant_downtown_filler_15,xcpv_City_05_Stallionsden,1,25x25,1
-627,2861,redundant,wilderness,downtown_filler_park_02,xcpv_Tower_Fluffy_Panda,1,25x25,1
-627,2886,junk,wilderness,remnant_skyscraper_05,xcpv_Bat_Cave_Arramus,2,60x60,1
-621,3037,junk,downtown,remnant_downtown_strip_09,xcpv_Ntt_Hq_01_ZZTong,4,42x42,1
-621,3129,junk,downtown,remnant_downtown_strip_05,xcpv_Office_Building_01_ZZTong,3,42x42,1
-620,336,junk,downtown,rubble_downtown_filler_11,xcpv_Corner_Store_01_Gtpwr,1,25x25,1
-620,376,junk,downtown,rubble_downtown_filler_01,xcpv_Farmers_Market_Vittles,1,25x25,1
-619,526,junk,downtown,rubble_downtown_filler_19,xcpv_Filler_4_Stallionsden,0,25x25,1
-618,-611,redundant,industrial,lot_vacant_05,xcpv_EMS_01_ZZTong,2,42x42,1
-618,-461,redundant,industrial,parking_lot_03,xcpv_Eternal_Rests_VoltraLux,2,42x42,1
-611,554,junk,downtown,rubble_downtown_filler_04,xcpv_Cool_Shooz_Duplex_Zeebark,1,25x25,1
-611,591,junk,downtown,rubble_downtown_filler_14,xcpv_Filler_3_Stallionsden,0,25x25,1
-611,616,junk,downtown,remnant_downtown_filler_14,xcpv_Filler_Zeebark,0,25x25,1
-607,-3441,junk,wilderness,lot_industrial_09,xcpv_Cave_08_Fluffy_Panda,0,25x25,1
-604,704,junk,downtown,rubble_downtown_filler_03,xcpv_Filler_Park_10A_Deverezieaux,0,25x25,1
-604,828,junk,downtown,remnant_downtown_filler_08,xcpv_Filler_Deverezieaux,4,25x25,1
-604,3079,junk,downtown,remnant_downtown_filler_16,xcpv_Bookstore_Kayido,1,25x25,1
-604,3104,junk,downtown,remnant_downtown_filler_05,xcpv_Carpu_Pond_TehKarmah,0,25x25,0
-603,-646,junk,industrial,lot_industrial_12,xcpv_Store_XS_14_ZZTong,3,25x25,1
-603,-496,junk,industrial,lot_industrial_14,xcpv_Supermarket_02_Dest_Zyncosa,0,25x25,1
-601,2960,junk,downtown,remnant_library_02,xcpv_Italo_Restaurant_Axebeard,3,60x60,1
-594,-38,junk,wilderness,wilderness_filler_05,xcpv_Farm_Barn_Oscerc,1,25x25,1
-593,-557,redundant,industrial,warehouse_06,xcpv_Train_Station_Riahsaurus_Rex,1,42x42,1
-593,-407,redundant,industrial,utility_refinery_01,xcpv_Cantine_Limodor,1,42x42,1
-582,-3441,junk,wilderness,lot_industrial_03,xcpv_Farm_Barn_Oscerc,1,25x25,1
-581,280,redundant,downtown,parking_garage_03,xcpv_Espresso_Yourself_AndyRed,1,42x42,1
-580,405,junk,downtown,rubble_downtown_filler_16,xcpv_Filler_2_Zeebark,0,25x25,1
-579,346,redundant,downtown,parking_garage_02,xcpv_Library_01_ZZTong,1,42x42,1
-569,-37,junk,wilderness,wilderness_filler_12,xcpv_Burrows_Nauti_Angel,1,25x25,1
-567,2879,junk,wilderness,remnant_downtown_filler_07,xcpv_Burial_Shrine_Snake0567,2,25x25,1
-564,-494,redundant,industrial,warehouse_04,xcpv_Gas_Station_Fortbrick,1,42x42,1
-563,511,junk,downtown,remnant_downtown_strip_09,xcpv_RedCat_Diner_Najax,2,42x42,1
-563,592,junk,downtown,remnant_downtown_filler_27,xcpv_Filler_Park_11A_Deverezieaux,0,25x25,1
-563,729,junk,downtown,remnant_downtown_strip_14,xcpv_Restaurant_02_ZZTong,1,42x42,1
-563,3037,junk,downtown,remnant_downtown_strip_06,xcpv_Observatory_Tuax,2,42x42,1
-563,3079,junk,downtown,remnant_downtown_filler_14,xcpv_Book_Store_ActiniumTiger,0,25x25,1
-563,3104,junk,downtown,remnant_downtown_filler_07,xcpv_Bakery_Shema,1,25x25,1
-563,3129,junk,downtown,remnant_downtown_strip_11,xcpv_Office_Building_02_ZZTong,3,42x42,1
-561,637,junk,downtown,remnant_downtown_filler_19,xcpv_Fire_Station_Slick50,1,25x25,1
-560,679,junk,downtown,remnant_downtown_filler_16,xcpv_Eco_Apartments_Voltralux,3,25x25,1
-560,704,junk,downtown,remnant_downtown_filler_04,xcpv_Chicken_Park_01_Weazelsun,0,25x25,1
-557,-796,redundant,industrial,warehouse_02,xcpv_Police_Alice,5,60x60,1
-557,-346,junk,industrial,remnant_waste_15,xcpv_Factory_Raid_Officericee,3,60x60,1
-557,-256,redundant,industrial,utility_electric_co_02,xcpv_Paintball_Arena_Jackelmyer,3,60x60,1
-555,405,junk,downtown,rubble_downtown_filler_17,xcpv_Cornish_Pasty_Shop_Medusa,1,25x25,1
-548,868,junk,industrial,remnant_burnt_05,xcpv_Church_Dest_Zyncosa,1,42x42,1
-539,554,junk,downtown,rubble_downtown_filler_12,xcpv_Filler_3_Zeebark,0,25x25,1
-539,3227,junk,downtown,remnant_downtown_filler_09,xcpv_Apartment_03_Stallionsden,3,25x25,1
-538,579,junk,downtown,remnant_downtown_strip_13,xcpv_Restaurant_01_ZZTong,2,42x42,1
-532,-526,junk,industrial,lot_industrial_20,xcpv_Store_XS_11_ZZTong,1,25x25,1
-532,-376,junk,industrial,lot_industrial_18,xcpv_Strip_Food_Stores_Gtpwr,1,25x25,1
-529,102,junk,wilderness,lot_industrial_07,xcpv_Cave_04_Fluffy_Panda,0,25x25,1
-527,678,junk,downtown,remnant_downtown_filler_21,xcpv_Fit_You_Shema,2,25x25,1
-522,-822,junk,industrial,lot_industrial_05,xcpv_Private_School_Vittles,2,25x25,1
-522,-592,junk,industrial,lot_industrial_13,xcpv_Store_XS_09_ZZTong,1,25x25,1
-522,-442,junk,industrial,lot_industrial_19,xcpv_Store_XS_13_ZZTong,1,25x25,1
-522,486,junk,downtown,rubble_downtown_filler_18,xcpv_Downtown_Building_Lot_01_Zeebark,0,25x25,1
-522,1005,junk,industrial,lot_industrial_16,xcpv_Info_Center_LuckyStar,1,25x25,1
-522,3187,junk,downtown,remnant_downtown_filler_06,xcpv_Appliance_Store_Deverezieaux,3,25x25,1
-521,255,junk,downtown,rubble_downtown_filler_02,xcpv_Convenience_OctoberFire,1,25x25,1
-521,290,redundant,downtown,post_office_01,xcpv_7dtd_Tribute_OctoberFire,0,25x25,1
-521,341,junk,downtown,lot_downtown_filler_01,xcpv_Camping_Shop_Zeebark,1,25x25,1
-521,378,junk,downtown,remnant_downtown_filler_30,xcpv_Coffee_Shop_EvilRacc0on,0,25x25,1
-521,637,junk,downtown,remnant_downtown_filler_22,xcpv_Computer_Store_Zeebark,1,25x25,1
-521,746,junk,downtown,remnant_downtown_filler_01,xcpv_Fanz_Duplex_Zeebark,2,25x25,1
-521,787,junk,downtown,remnant_downtown_filler_18,xcpv_Key_2_Home_BattlePapi,1,25x25,1
-521,2971,junk,downtown,rubble_downtown_filler_02,xcpv_Blue_Fone_Cafe_Battlepapi,1,25x25,1
-521,2996,junk,downtown,remnant_downtown_filler_30,xcpv_Camera_Shop_Zeebark,1,25x25,1
-521,3040,junk,downtown,remnant_downtown_filler_11,xcpv_Book_Case_Octoberfire,2,25x25,1
-521,3146,junk,downtown,rubble_downtown_filler_04,xcpv_Billboard_OctoberFire,0,25x25,1
-507,-3339,junk,wilderness,lot_industrial_04,xcpv_Cave_NAGG,3,25x25,1
-496,103,junk,wilderness,lot_industrial_09,xcpv_Cave_02_Fluffy_Panda,0,25x25,1
-496,493,redundant,commercial,store_autoparts_01,xcpv_Office_InfectedGaming,3,60x60,1
-496,787,junk,downtown,remnant_downtown_filler_07,xcpv_Fuel_Station_NLBlackEagle,0,25x25,1
-496,3146,junk,downtown,remnant_downtown_filler_19,xcpv_Church_Zeebark,1,25x25,1
-496,3187,junk,downtown,remnant_downtown_strip_08,xcpv_National_Park_Lodge_Laz_Man,2,42x42,1
-495,746,junk,downtown,rubble_downtown_filler_22,xcpv_City_06_Stallionsden,1,25x25,1
-495,1305,junk,industrial,lot_industrial_14,xcpv_Gaming_Den_Mute,2,25x25,1
-491,939,junk,downtown,remnant_skyscraper_05,xcpv_Lattez_Nauti_Angel,2,60x60,1
-490,3105,junk,downtown,remnant_downtown_filler_27,xcpv_Cyber_Cafe_Vittles,1,25x25,1
-483,653,junk,commercial,remnant_burnt_08,xcpv_Whine_N_Dine_Desi,2,42x42,1
-482,880,junk,downtown,remnant_downtown_strip_16,xcpv_Retro_Diner_Zeebark,3,42x42,1
-481,1214,junk,industrial,lot_industrial_19,xcpv_Gym_Theodryck,1,25x25,1
-478,63,junk,wilderness,lot_industrial_03,xcpv_Cave_08_Fluffy_Panda,0,25x25,1
-478,706,junk,downtown,remnant_downtown_filler_28,xcpv_Apartment_03_Stallionsden,3,25x25,1
-478,3229,junk,downtown,remnant_downtown_filler_23,xcpv_City_06_Stallionsden,1,25x25,1
-476,2404,junk,residential,remnant_house_09,xcpv_House_03_Kam,1,42x42,1
-471,787,junk,downtown,remnant_downtown_strip_15,xcpv_Restaurant_03_ZZTong,2,42x42,1
-471,2454,junk,residential,remnant_house_18,xcpv_House_02_Redzero83,2,42x42,1
-470,103,junk,wilderness,lot_industrial_01,xcpv_Cave_06_Fluffy_Panda,0,25x25,1
-457,3104,junk,downtown,remnant_downtown_filler_28,xcpv_Citizens_Advice_Office_Arramus,1,25x25,1
-456,3146,junk,downtown,remnant_downtown_filler_18,xcpv_Cinema_Zeebark,2,25x25,1
-454,829,junk,downtown,remnant_downtown_filler_17,xcpv_Food_Truck_Laz_Man,0,25x25,1
-454,3191,junk,downtown,remnant_downtown_filler_25,xcpv_Downtown_Building_Lot_Zeebark,0,25x25,0
-451,405,junk,commercial,remnant_waste_18,xcpv_City_13_Stallionsden,3,60x60,1
-451,710,junk,downtown,remnant_church_01,xcpv_KooshieMart_Kayido,3,60x60,1
-442,2362,junk,residential,remnant_house_11,xcpv_House_02_Kuldiin,1,42x42,1
-441,-2678,junk,wilderness,wilderness_filler_03,xcpv_Ntt_Hub_01_ZZTong,1,25x25,1
-441,653,junk,commercial,remnant_business_05,xcpv_Wank_Bank_WillyBilly,3,42x42,1
-433,1565,junk,wilderness,wilderness_filler_12,xcpv_Wilderness_Filler_02_ZZTong,0,25x25,1
-431,3229,junk,downtown,remnant_downtown_filler_17,xcpv_Chicken_Park_01_Weazelsun,0,25x25,1
-413,2454,junk,residential,remnant_house_17,xcpv_House_02_ZZTong,1,42x42,1
-411,1525,junk,wilderness,wilderness_filler_21,xcpv_Shack_03_TallManBrad,0,25x25,1
-410,855,junk,downtown,remnant_skyscraper_04,xcpv_LMART_Garage_Stallionsden,3,60x60,1
-410,939,junk,downtown,remnant_skyscraper_03,xcpv_Library_01_Riahsaurus_Rex,2,60x60,1
-408,494,junk,commercial,remnant_waste_16,xcpv_City_14_Stallionsden,4,60x60,1
-408,2404,junk,residential,remnant_house_12,xcpv_House_02_Infected_Gaming,1,42x42,1
-406,554,junk,commercial,remnant_business_02,xcpv_City_16_Stallionsden,4,60x60,1
-406,3105,junk,downtown,remnant_downtown_strip_07,xcpv_Nedelina_Armstrong794,4,42x42,1
-406,3167,junk,downtown,remnant_downtown_filler_26,xcpv_Filler_Park_10_Deverezieaux,0,25x25,0
-406,3192,junk,downtown,remnant_downtown_filler_21,xcpv_DMV_Satellite_Vittles,1,25x25,1
-406,3229,junk,downtown,remnant_downtown_filler_29,xcpv_Detective_Medusa,1,25x25,1
-399,653,junk,commercial,remnant_commercial_strip_04,xcpv_Winchesta_Isak,3,42x42,1
-390,405,junk,commercial,remnant_commercial_strip_03,xcpv_Uptown_Strip_01_LuzipherMST,4,42x42,1
-381,3159,junk,downtown,remnant_downtown_filler_24,xcpv_Donut_Shop_Bigstep70,1,25x25,1
-381,3184,junk,downtown,remnant_downtown_filler_20,xcpv_Design_Firm_EvilRacc0on,2,25x25,1
-378,1174,junk,industrial,lot_industrial_15,xcpv_Game_Shop_Talladaye,1,25x25,1
-372,3229,junk,downtown,remnant_downtown_filler_22,xcpv_Dentist_Vittles,1,25x25,1
-371,721,junk,downtown,remnant_downtown_filler_29,xcpv_Hostel_BYM1X,1,25x25,1
-371,746,junk,downtown,remnant_downtown_filler_02,xcpv_Frat_House_EvilRacc0on,1,25x25,1
-371,790,junk,downtown,remnant_downtown_filler_20,xcpv_Chemical_Lot_TFP,1,25x25,1
-346,943,junk,commercial,remnant_waste_16,xcpv_Convenience_Store_Guppycur,4,60x60,1
-345,1154,redundant,commercial,commercial_strip_03,xcpv_Pet_Shop_Libby,5,60x60,1
-344,2379,junk,residential,remnant_house_14,xcpv_House_04_Infected_Gaming,2,42x42,1
-339,252,junk,wilderness,wilderness_filler_19,xcpv_Cave_07_Fluffy_Panda,0,25x25,1
-338,3009,junk,wilderness,remnant_skyscraper_02,xcpv_Army_D_1_Zyncosa,5,60x60,1
-336,3069,junk,wilderness,remnant_skyscraper_01,xcpv_Army_Camp_Universal,1,60x60,1
-336,3171,junk,wilderness,remnant_skyscraper_03,xcpv_Army_D_3_Zyncosa,3,60x60,1
-335,569,junk,commercial,remnant_commercial_strip_05,xcpv_Working_Stiffs_InfectedGaming,1,42x42,1
-326,2548,junk,residential,remnant_house_15,xcpv_House_04_Curbolt,2,42x42,1
-325,2608,junk,residential,remnant_house_06,xcpv_House_03_Oscerc,2,42x42,1
-323,1387,redundant,residential,park_01,xcpv_Posh_House_Zeebark,3,42x42,1
-323,2437,junk,residential,remnant_house_13,xcpv_House_04_ZZTong,2,42x42,1
-301,855,junk,commercial,remnant_waste_18,xcpv_City_Square_TheStainGaming,3,60x60,1
-300,1329,redundant,residential,house_old_victorian_11,xcpv_Park_Bunker_Xan,4,42x42,1
-300,2379,junk,residential,remnant_house_10,xcpv_House_05_Dest_Zyncosa,2,42x42,1
-257,705,redundant,commercial,apartments_02,xcpv_Office_Stallionsden,5,60x60,1
-257,1199,redundant,commercial,hotel_01,xcpv_Parking_KillerBee,2,60x60,1
-257,2548,junk,residential,remnant_house_16,xcpv_House_03_ZZTong,1,42x42,1
-257,2608,redundant,residential,house_old_victorian_11,xcpv_Orb_House_InfectedGaming,2,42x42,1
-256,1005,redundant,commercial,office_06,xcpv_Park_Guppycur,0,60x60,1
-256,1093,junk,commercial,remnant_business_02,xcpv_Courthouse_Stallionsden,5,60x60,1
-247,-57,junk,wilderness,remnant_downtown_filler_26,xcpv_Shack_TallmanBrad,0,25x25,1
-246,-115,redundant,wilderness,fastfood_06,xcpv_Landscaper_01_ZZTong,1,42x42,1
-240,855,junk,commercial,remnant_waste_17,xcpv_Strip_Club_Wsiegel,2,42x42,1
-240,1387,redundant,residential,house_old_victorian_09,xcpv_Playground_KillerBee,1,42x42,1
-240,2379,junk,residential,remnant_house_modern_01,xcpv_House_04_Kam,1,42x42,1
-240,2437,junk,residential,remnant_house_08,xcpv_House_05_Kam,2,42x42,1
-201,-184,redundant,wilderness,apartments_02,xcpv_Fables_01_Fluffy_Panda,2,60x60,1
-196,554,junk,commercial,remnant_gas_station_01,xcpv_Zbar_Zeebark,3,42x42,1
-191,1418,junk,industrial,lot_industrial_11,xcpv_DMV_Satellite_Vittles,1,25x25,1
-188,2379,junk,residential,remnant_house_03,xcpv_House_09_Dest_Zyncosa,1,42x42,1
-188,2437,junk,residential,remnant_house_02,xcpv_House_09_Zyncosa,2,42x42,1
-188,2529,junk,residential,remnant_house_05,xcpv_House_05_ZZTong,3,42x42,1
-188,2587,junk,residential,remnant_house_04,xcpv_House_07_Curbolt,1,42x42,1
-185,713,junk,commercial,remnant_waste_02,xcpv_Zden_Nightclub_Zeebark,3,42x42,1
-177,1357,junk,industrial,remnant_waste_06,xcpv_Church_Guppycur,1,42x42,1
-176,1161,junk,industrial,lot_industrial_20,xcpv_Bike_BB_Zeebark,1,25x25,1
-138,2374,junk,residential,remnant_house_06,xcpv_House_10_Oscerc,2,42x42,1
-138,2524,junk,residential,remnant_house_09,xcpv_House_05_Nodabba,2,42x42,1
-138,2592,junk,residential,remnant_house_11,xcpv_House_05_Zyncosa,2,42x42,1
-136,1264,junk,industrial,lot_industrial_13,xcpv_Appliance_Store_Deverezieaux,3,25x25,1
-131,2676,junk,wilderness,remnant_library_02,xcpv_Army_3_Zyncosa,4,60x60,1
-125,1428,junk,industrial,lot_industrial_21,xcpv_Fun_House_TheGamerMama,2,25x25,1
-113,1456,junk,residential,remnant_burnt_01,xcpv_House_10_Zyncosa,1,42x42,1
-98,-1224,junk,wilderness,lot_industrial_11,xcpv_Military_Dumpsite_01_Weazelsun,0,25x25,1
-96,2408,redundant,residential,house_old_victorian_11,xcpv_Park_Bostonlondon,0,42x42,1
-96,2558,redundant,residential,house_old_victorian_09,xcpv_Pantile_House_TopMinder,3,42x42,1
-93,-1159,junk,wilderness,lot_industrial_09,xcpv_Field_Coffee_01_ZZTong,0,25x25,1
-93,-1134,junk,wilderness,lot_industrial_09,xcpv_Mass_Grave_01_ZZTong,0,25x25,1
-90,1386,redundant,industrial,warehouse_08,xcpv_Koroleva_Armstrong794,5,42x42,1
-79,-856,junk,wilderness,wilderness_filler_15,xcpv_Site_1_AndyRed,0,25x25,1
-73,-1224,redundant,wilderness,utility_refinery_01,xcpv_Cave_1_Dest_Zyncosa,0,42x42,1
-71,1347,junk,industrial,lot_industrial_12,xcpv_Castle_Chips_Arramus,2,25x25,1
-67,-1455,junk,wilderness,remnant_business_03,xcpv_Adot_01_ZZTong,1,42x42,1
-47,-960,junk,wilderness,wilderness_filler_19,xcpv_Field_Animals_01_ZZTong,0,25x25,1
-45,916,redundant,commercial,fastfood_07,xcpv_Bear_Head_Grill_TheGamerMama,2,42x42,1
-45,959,junk,commercial,remnant_waste_03,xcpv_Zee_Hardware_Zeebark,2,42x42,1
-39,-1092,redundant,wilderness,utility_celltower_01,xcpv_Potatofield_Oscerc,0,25x25,0
-33,-831,junk,wilderness,wilderness_filler_02,xcpv_Store_XS_19_ZZTong,2,25x25,1
-30,-1221,junk,wilderness,lot_industrial_07,xcpv_L4D_Tower_CraterCreator,0,25x25,1
-30,-1196,junk,wilderness,lot_industrial_07,xcpv_Lot_for_Sale_Zeebark,0,25x25,0
-26,1062,junk,residential,remnant_house_09,xcpv_House_OctoberFire,2,42x42,1
-21,1260,junk,residential,remnant_burnt_10,xcpv_House_LazyTurtle89,3,42x42,1
-1,-407,junk,commercial,remnant_waste_16,xcpv_Cheer_Dance_Gym_01_ZZTong,2,60x60,1
10,-858,junk,wilderness,wilderness_filler_03,xcpv_Mine_Dest_Zyncosa,1,25x25,1
12,1474,junk,residential,remnant_house_11,xcpv_House_12_Zyncosa,1,42x42,1
12,1542,junk,residential,remnant_house_09,xcpv_House_Atomic_01_Voltralux,1,42x42,1
19,-1104,junk,wilderness,lot_industrial_04,xcpv_House_Shanty_01_Svarii,0,25x25,1
19,-1079,junk,wilderness,lot_industrial_05,xcpv_Hunters_Rest_EvilRacc0on,0,25x25,1
21,362,redundant,wilderness,utility_celltower_01,xcpv_Field_Cotton_01_ZZTong,0,25x25,1
27,607,redundant,wilderness,park_01,xcpv_Farm_House_LazyTurtle89,2,42x42,1
37,1156,junk,residential,remnant_house_02,xcpv_House_Libby,5,42x42,1
37,1260,redundant,residential,house_modern_26,xcpv_Rext_Boyhood_Home_FNS,1,42x42,1
39,1329,junk,residential,remnant_burnt_09,xcpv_House_Green_Oscerc,1,42x42,1
44,-1104,redundant,wilderness,utility_electric_co_02,xcpv_Coronado_Silo_Slaan,3,60x60,1
44,-495,junk,commercial,remnant_business_02,xcpv_Casino_VoltraLux,5,60x60,1
47,865,junk,commercial,remnant_waste_04,xcpv_Zombie_Buster_Wendictive,4,42x42,1
49,-1240,junk,wilderness,lot_industrial_07,xcpv_Hestias_Hot_Spring_FNS,0,25x25,1
52,-828,junk,wilderness,wilderness_filler_04,xcpv_Field_Chickens_01_ZZTong,0,25x25,1
54,1508,junk,residential,remnant_house_12,xcpv_House_Games_n_Grumble,1,42x42,1
93,1638,junk,wilderness,wilderness_filler_10,xcpv_Watch_Tower_1_Fleshus,2,25x25,1
104,-707,redundant,commercial,office_06,xcpv_LittleAsia_Onsen_Wraith_Arramus,3,60x60,1
106,3254,junk,commercial,remnant_business_02,xcpv_City_09_Stallionsden,2,60x60,1
106,3361,junk,commercial,remnant_carwash_01,xcpv_Town_Hall_Guppycur,2,42x42,1
113,3117,junk,commercial,remnant_commercial_strip_05,xcpv_TFP_Warehouse_01_ZZTong,2,42x42,1
113,3159,junk,commercial,remnant_gas_station_01,xcpv_TFP_Skyscraper_02_ZZTong,5,42x42,1
113,3201,junk,commercial,remnant_commercial_strip_04,xcpv_Tank_Garage_LuckyStar,2,42x42,1
118,1216,junk,wilderness,wilderness_filler_14,xcpv_Angel_Home_Cerberus,1,25x25,1
126,984,junk,wilderness,wilderness_filler_12,xcpv_Wilderness_Filler_01_ZZTong,0,25x25,1
145,-825,junk,wilderness,wilderness_filler_04,xcpv_Small_Bunker_InfectedGaming,2,25x25,1
194,3255,redundant,commercial,office_06,xcpv_McDowells_Laz_Man,2,60x60,1
202,3420,redundant,wilderness,downtown_filler_park_02,xcpv_Field_Mushroom_01_ZZTong,0,25x25,1
210,3361,junk,commercial,remnant_business_05,xcpv_Train_Station_Riahsaurus_Rex,1,42x42,1
211,-390,redundant,commercial,office_01,xcpv_Store_Mexico664,2,42x42,1
241,-1435,junk,wilderness,remnant_coffee_shop_03,xcpv_Site_4_AndyRed,0,25x25,0
254,3043,redundant,commercial,store_autoparts_01,xcpv_LittleAsia_Town_Marino,5,60x60,1
254,3194,redundant,commercial,hotel_01,xcpv_Needle_Restaurant_VoltraLux,2,60x60,1
254,3342,redundant,commercial,commercial_strip_03,xcpv_Neptunes_VoltraLux,4,60x60,1
256,2955,junk,commercial,remnant_waste_01,xcpv_Toad_Frog_Arramus,2,42x42,1
294,-3278,junk,wilderness,remnant_oldwest_01,xcpv_Cave_07_Fluffy_Panda,0,25x25,1
299,2955,junk,commercial,remnant_waste_16,xcpv_City_04_Stallionsden,2,60x60,1
319,-3484,junk,wilderness,remnant_oldwest_09,xcpv_Cave_03_Fluffy_Panda,0,25x25,1
329,3413,redundant,wilderness,parking_garage_02,xcpv_Car_Wash_01_ZZTong,1,42x42,1
342,3044,junk,commercial,remnant_waste_18,xcpv_City_03_Stallionsden,3,60x60,1
353,-2415,junk,wilderness,remnant_coffee_shop_01,xcpv_Electrical_Substation_01_ZZTong,0,25x25,1
353,3115,junk,commercial,remnant_burnt_08,xcpv_Truck_Stop_2_Stallionsden,1,42x42,1
353,3157,junk,commercial,remnant_waste_02,xcpv_US_Army_Base_TheStainGaming,3,42x42,1
354,-3364,junk,wilderness,remnant_oldwest_08,xcpv_Cave_02_Fluffy_Panda,0,25x25,1
360,2955,junk,commercial,remnant_commercial_strip_03,xcpv_Toms_Electronics_HuskyJ1821,2,42x42,1
361,3256,redundant,commercial,parking_lot_02,xcpv_Bike_Shop_War3zuk,2,42x42,1
391,2817,junk,wilderness,wilderness_filler_21,xcpv_Studio_01_ZZTong,0,25x25,1
397,-2611,redundant,wilderness,utility_celltower_01,xcpv_TFP_Ranger_Station_01_ZZTong,1,25x25,1
410,2792,junk,wilderness,wilderness_filler_19,xcpv_Trailer_01_ZZTong,2,25x25,1
454,3007,junk,wilderness,wilderness_filler_02,xcpv_TFP_Ranger_Station_01_ZZTong,1,25x25,1
473,3105,junk,wilderness,remnant_hospital_01,xcpv_Coronado_Field_Slaan,1,60x60,1
551,-1717,junk,wilderness,lot_vacant_07,xcpv_Field_Pumpkin_01_ZZTong,0,25x25,1
557,446,junk,industrial,remnant_burnt_05,xcpv_Busty_Beers_Strip_Club_AndyRed,2,42x42,1
569,314,junk,industrial,lot_industrial_18,xcpv_Store_Joel_Diegar,1,25x25,1
573,345,junk,industrial,remnant_waste_08,xcpv_Business_Strip_Deverezieaux,5,42x42,1
574,411,junk,industrial,lot_industrial_19,xcpv_Store_XS_05_ZZTong,1,25x25,1
589,-3262,junk,wilderness,remnant_oldwest_01,xcpv_Cave_04_Fluffy_Panda,0,25x25,1
614,514,junk,industrial,lot_industrial_15,xcpv_Store_XS_02_ZZTong,1,25x25,1
617,-3289,junk,wilderness,wilderness_filler_03,xcpv_Tank_Mackenziix,0,25x25,1
623,2019,junk,wilderness,wilderness_filler_12,xcpv_Army_Point_Kopfgeldjaeger,1,25x25,1
645,341,junk,industrial,remnant_waste_06,xcpv_Bus_Terminal_4_TheStainGaming,3,42x42,1
645,493,redundant,industrial,parking_lot_03,xcpv_Multi_Storey_War3zuk,2,42x42,1
646,-3461,junk,wilderness,remnant_oldwest_01,xcpv_Cave_06_Fluffy_Panda,0,25x25,1
651,-82,junk,wilderness,wilderness_filler_15,xcpv_Small_Hive_FNS,4,25x25,1
666,-3271,junk,wilderness,remnant_oldwest_07,xcpv_Cave_01_Fluffy_Panda,0,25x25,1
672,274,junk,industrial,lot_industrial_16,xcpv_Store_Hugh_Diegar,2,25x25,1
678,105,junk,industrial,lot_industrial_17,xcpv_Subday_Swolk,1,25x25,1
691,-3271,junk,wilderness,remnant_oldwest_04,xcpv_Cabin_04_Stallionsden,1,25x25,1
704,105,redundant,industrial,utility_electric_co_02,xcpv_Little_Shamway_Mexico666,3,60x60,1
704,296,junk,downtown,rubble_downtown_filler_21,xcpv_Hot_Spot_Shema,2,25x25,1
704,812,redundant,commercial,office_05,xcpv_Skyscraper_Peppino,4,42x42,1
705,494,junk,commercial,remnant_waste_18,xcpv_Big_Blue_Box_AndyRed,3,60x60,1
705,1695,junk,industrial,remnant_burnt_06,xcpv_Book_Stop_WillyBilly,1,42x42,1
706,554,junk,commercial,remnant_business_02,xcpv_Brownstones_House_Laz_Man,2,60x60,1
706,661,junk,commercial,remnant_commercial_strip_03,xcpv_TFP_Mini_Mart_Voltralux,1,42x42,1
707,1796,redundant,industrial,parking_lot_02,xcpv_Strip_Mall_01_ZZTong,2,42x42,1
714,198,redundant,industrial,utility_electric_co_01,xcpv_Multi_Store_ANT,3,42x42,1
724,1761,junk,industrial,lot_industrial_13,xcpv_Lot_Vacant_07_EvilRacc0on,1,25x25,1
727,56,redundant,wilderness,fire_station_02,xcpv_Mine_NAGG_DaphyDuck91,2,42x42,1
729,856,redundant,residential,house_old_victorian_11,xcpv_Modern_House_Mute,1,42x42,1
732,1468,junk,industrial,remnant_industrial_large_01,xcpv_Amazonia_WareHouse_InfectedGaming,5,100x100,1
732,1639,junk,industrial,remnant_waste_06,xcpv_Bills_Theodryck,2,42x42,1
746,254,redundant,downtown,downtown_filler_09,xcpv_Billboard_OctoberFire,0,25x25,1
747,1604,junk,industrial,lot_industrial_14,xcpv_Military_Installation_Zyncosa,0,25x25,1
749,643,junk,commercial,remnant_waste_16,xcpv_Business_01_Stallionsden,5,60x60,1
757,1693,junk,industrial,remnant_waste_08,xcpv_Book_Store_InfectedGaming,1,42x42,1
759,-43,junk,wilderness,lot_industrial_18,xcpv_Cave_01_Fluffy_Panda,0,25x25,1
763,-3465,junk,wilderness,remnant_oldwest_01,xcpv_Cave_05_Fluffy_Panda,0,25x25,1
764,1864,junk,industrial,lot_industrial_18,xcpv_Lot_Vacant_08_Evilracc0on,1,25x25,1
786,1606,redundant,industrial,remnant_waste_05,xcpv_Warehouse_Medical_01_Deverezieaux,3,42x42,1
787,255,junk,downtown,rubble_downtown_filler_20,xcpv_Haulier_md_Limodor,1,25x25,1
787,379,redundant,downtown,downtown_filler_11,xcpv_Cyber_Cafe_Vittles,1,25x25,1
787,939,redundant,residential,house_old_victorian_07,xcpv_Modern_House_Silencer,1,42x42,1
791,1771,redundant,industrial,parking_lot_03,xcpv_Bank_Guppycur,3,42x42,1
793,494,redundant,commercial,store_autoparts_01,xcpv_LittleAsia_Miniature_Town_Mogi,1,60x60,1
794,105,junk,industrial,remnant_waste_15,xcpv_Drive_In_Movie_01_ZZTong,1,60x60,1
795,1843,redundant,industrial,utility_refinery_01,xcpv_Apartments_Batman,4,42x42,1
812,379,redundant,downtown,downtown_filler_07,xcpv_Design_Firm_EvilRacc0on,2,25x25,1
812,705,junk,commercial,remnant_gas_station_01,xcpv_TFP_Prison_01_ZZTong,2,42x42,1
812,770,redundant,commercial,office_04,xcpv_Store_Jen_Diegar,2,42x42,1
812,812,junk,commercial,remnant_commercial_strip_05,xcpv_TFP_Police_Station_01_ZZTong,2,42x42,1
813,-1769,junk,wilderness,wilderness_filler_04,xcpv_Rural_Filler_01_ZZTong,0,25x25,1
816,70,junk,wilderness,lot_industrial_02,xcpv_Rural_Filler_06_ZZTong,0,25x25,0
818,1724,junk,industrial,lot_industrial_15,xcpv_Haulier_md_Limodor,1,25x25,1
823,-29,junk,wilderness,lot_industrial_01,xcpv_Rural_Filler_05_ZZTong,0,25x25,1
823,-2,junk,wilderness,lot_industrial_04,xcpv_Military_Dumpsite_02_Weazelsun,0,25x25,1
827,272,junk,downtown,rubble_downtown_filler_22,xcpv_Junkyard_WillyBilly,0,25x25,1
828,1578,junk,industrial,lot_industrial_16,xcpv_Gamers_Cafe_Mute,2,25x25,1
828,1658,junk,industrial,lot_industrial_17,xcpv_Junkyard_WillyBilly,0,25x25,1
854,190,redundant,downtown,downtown_filler_24,xcpv_Citizens_Advice_Office_Arramus,1,25x25,1
854,404,redundant,commercial,post_office_02,xcpv_Apartment_Gertle,5,42x42,1
854,512,redundant,commercial,parking_lot_02,xcpv_Hicks_Diner_WillyBilly,2,42x42,1
854,722,junk,downtown,remnant_downtown_filler_05,xcpv_Lumber_Mill_IceJudge,0,25x25,1
854,769,junk,downtown,remnant_downtown_filler_06,xcpv_Massage_Parlour_Stallionsden,4,25x25,1
854,794,junk,downtown,remnant_downtown_filler_24,xcpv_LittleAsia_filler_01_TFP,0,25x25,1
854,828,junk,downtown,remnant_downtown_filler_28,xcpv_Kindergarden_Oscerc,1,25x25,1
854,2654,redundant,commercial,funeral_home_01,xcpv_Lakeside_Lodge_Kam,5,42x42,1
854,2761,junk,commercial,remnant_commercial_strip_05,xcpv_Supermarket_07_Zyncosa,3,42x42,1
855,122,redundant,downtown,parking_garage_03,xcpv_Furniture_Store_NLBlackEagle,5,42x42,1
855,223,junk,downtown,rubble_downtown_filler_11,xcpv_Mirror_Shop_Zeebark,1,25x25,1
855,379,junk,downtown,rubble_downtown_filler_18,xcpv_Military_Installation_Zyncosa,0,25x25,1
855,897,junk,downtown,rubble_downtown_filler_03,xcpv_News_Kiosk_Arramus,0,25x25,1
855,1454,junk,industrial,remnant_waste_15,xcpv_Car_Wash_Shema,2,60x60,1
855,1904,redundant,industrial,warehouse_02,xcpv_Junkyard_InfectedGaming,2,60x60,1
855,1994,redundant,industrial,junkyard_01,xcpv_Jails_R_Us_Zozoman1,5,60x60,1
855,2206,junk,commercial,remnant_carwash_01,xcpv_Subway_3_Braizd,2,42x42,1
855,2310,redundant,commercial,post_office_02,xcpv_Law_Offices_01_ZZTong,1,42x42,1
856,2054,junk,commercial,remnant_waste_18,xcpv_Art_Compound_DMC,3,60x60,1
856,2161,junk,commercial,remnant_business_05,xcpv_Stuff_N_Books_Zeebark,3,42x42,1
857,280,redundant,downtown,downtown_filler_22,xcpv_City_07_Stallionsden,1,25x25,1
863,978,redundant,downtown,post_office_01,xcpv_Camera_Shop_Zeebark,1,25x25,1
863,2451,junk,commercial,remnant_commercial_strip_03,xcpv_Subway_Braizd,3,42x42,1
863,2601,junk,commercial,remnant_commercial_strip_04,xcpv_Supermarket_07_Dest_Zyncosa,2,42x42,1
868,1764,redundant,industrial,warehouse_05,xcpv_L4D_QuikBuy_CraterCreator,0,42x42,1
868,1852,redundant,industrial,industrial_business_08,xcpv_Store_S_04_ZZTong,3,42x42,1
869,1364,junk,industrial,lot_industrial_19,xcpv_Lumber_Mill_IceJudge,0,25x25,1
870,321,redundant,downtown,downtown_strip_12,xcpv_Jail_Sarongas1999_Crazy1,2,42x42,1
871,573,redundant,industrial,lot_vacant_05,xcpv_Utility_Pump_Station_Deverezieaux,2,42x42,1
871,1604,junk,downtown,rubble_downtown_filler_22,xcpv_Park_ShadowEnvy,0,25x25,1
871,2899,junk,wilderness,wilderness_filler_11,xcpv_Bunker_NLBlackEagle,1,25x25,1
873,1395,redundant,industrial,parking_lot_01,xcpv_Bar_Tavern_AshRoc,1,42x42,1
875,645,redundant,industrial,warehouse_04,xcpv_Multi_Storey_2_War3zuk,5,42x42,1
879,704,junk,downtown,remnant_downtown_strip_02,xcpv_Mang_Donalds_PlastikRice,2,42x42,1
879,855,junk,downtown,remnant_downtown_strip_07,xcpv_Medical_Clinic_01_Gtpwr,2,42x42,1
880,922,junk,downtown,remnant_downtown_strip_01,xcpv_Mattress_Store_Ogodno77,2,42x42,1
886,-2812,junk,wilderness,wilderness_filler_17,xcpv_Taylors_Camp_Tdestructinator,1,25x25,1
888,978,junk,downtown,rubble_downtown_filler_01,xcpv_Lot_Vacant_01_ZZTong,0,25x25,1
891,794,junk,downtown,remnant_downtown_filler_29,xcpv_JoJos_JSDoctor,2,25x25,1
892,379,redundant,downtown,downtown_filler_14,xcpv_Book_Case_Octoberfire,2,25x25,1
892,746,junk,downtown,remnant_downtown_filler_01,xcpv_Lot_Vacant_09_EvilRacc0on,1,25x25,1
896,189,redundant,downtown,downtown_filler_31,xcpv_City_05_Stallionsden,1,25x25,1
896,1604,junk,downtown,rubble_downtown_filler_25,xcpv_Pet_Store_TehKarmah,1,25x25,1
896,1728,junk,downtown,remnant_downtown_filler_23,xcpv_Pinocchio_Arramus,1,25x25,1
897,255,junk,downtown,rubble_downtown_filler_19,xcpv_Gamers_Cafe_Mute,2,25x25,1
897,280,redundant,downtown,downtown_filler_13,xcpv_Antenna_BattlePapi,1,25x25,1
899,-1687,junk,wilderness,wilderness_filler_19,xcpv_Angel_Home_Cerberus,1,25x25,1
899,819,junk,downtown,remnant_downtown_filler_27,xcpv_Man_3_EvilRacc0on,3,25x25,1
913,978,junk,downtown,lot_downtown_filler_01,xcpv_Military_Installation_Dest_Zyncosa,0,25x25,1
913,3299,junk,wilderness,wilderness_filler_08,xcpv_Cave_08_Fluffy_Panda,0,25x25,1
916,794,junk,downtown,remnant_downtown_filler_08,xcpv_Lot_Vacant_02_ZZTong,0,25x25,1
917,379,redundant,downtown,downtown_filler_15,xcpv_Cinema_Zeebark,2,25x25,1
919,569,junk,industrial,lot_industrial_20,xcpv_Store_Set_2_Guppycur,2,25x25,1
920,1307,redundant,industrial,lot_vacant_05,xcpv_Car_Dealership_Old_P1ut0nium,1,42x42,1
924,819,junk,downtown,remnant_downtown_filler_26,xcpv_Kick_Flipz_VoltraLux,1,25x25,1
929,-2063,junk,wilderness,lot_vacant_07,xcpv_Forest_1_Killerbunny,1,25x25,1
934,114,redundant,downtown,downtown_filler_25,xcpv_Bakery_Shema,1,25x25,1
936,263,redundant,downtown,parking_garage_02,xcpv_Apartment_01_ZZTong,4,42x42,1
936,319,redundant,downtown,parking_garage_01,xcpv_Gaming_Store_Lunitar,1,42x42,1
937,704,junk,downtown,remnant_downtown_filler_04,xcpv_Lot_Vacant_08_Evilracc0on,1,25x25,1
937,744,junk,downtown,remnant_downtown_filler_07,xcpv_Mikeys_Mines_FNS,1,25x25,1
937,936,junk,downtown,remnant_downtown_strip_06,xcpv_Masonry_01_ZZTong,1,42x42,1
937,1729,junk,downtown,lot_downtown_filler_01,xcpv_Nutz_TehKarmah,1,25x25,1
940,1604,junk,downtown,rubble_downtown_filler_23,xcpv_Pet_Store_Zeebark,1,25x25,1
943,379,junk,downtown,rubble_downtown_filler_17,xcpv_Mouse_House_BattlePapi,1,25x25,1
943,1754,junk,industrial,remnant_business_01,xcpv_Concrete_Plant_Dest_Zyncosa,4,60x60,1
943,2294,junk,commercial,remnant_business_02,xcpv_Bank_Limodor,4,60x60,1
944,2206,junk,commercial,remnant_waste_16,xcpv_Beauty_School_Deverezieaux,3,60x60,1
944,2354,redundant,commercial,office_06,xcpv_LittleAsia_Castle_VitaminE,5,60x60,1
945,1391,redundant,industrial,warehouse_04,xcpv_School_Laz_Man,2,42x42,1
948,1464,junk,industrial,remnant_burnt_05,xcpv_Boxing_Gym_Voltralux,4,42x42,1
948,1552,redundant,industrial,utility_electric_co_01,xcpv_Bar_Bistro_Zeebark,2,42x42,1
948,1914,redundant,industrial,gas_station_03,xcpv_Store_Set_1_Guppycur,2,42x42,1
948,2002,redundant,industrial,warehouse_06,xcpv_Art_Gallery_Wsiegel,1,42x42,1
952,857,junk,downtown,rubble_downtown_filler_04,xcpv_Nerdy_Glasses_Billboard_FNS,0,25x25,1
959,620,redundant,industrial,warehouse_05,xcpv_Apartment_Building_Gouki,4,42x42,1
959,672,junk,industrial,lot_industrial_14,xcpv_Supermarket_04_Dest_Zyncosa,0,25x25,1
961,512,redundant,commercial,parking_lot_01,xcpv_Gas_N_Wash_LuckyStar,2,42x42,1
961,794,junk,downtown,remnant_downtown_strip_03,xcpv_Man_2_EvilRacc0on,5,42x42,1
962,2654,junk,commercial,remnant_gas_station_01,xcpv_Survivor_Shelter_KillerBee,1,42x42,1
972,1324,junk,industrial,lot_industrial_12,xcpv_Lot_Vacant_09_EvilRacc0on,1,25x25,1
977,857,redundant,downtown,downtown_filler_park_05,xcpv_Book_Store_ActiniumTiger,0,25x25,1
977,897,junk,downtown,rubble_downtown_filler_02,xcpv_NoPee_Gass_TehKarmah,1,25x25,1
978,280,redundant,downtown,downtown_filler_12,xcpv_Chippys_Chippy_Zeebark,1,25x25,1
978,379,junk,downtown,rubble_downtown_filler_16,xcpv_Ntt_Hub_01_ZZTong,1,25x25,1
978,710,junk,downtown,remnant_downtown_filler_02,xcpv_Mixed_Use_Vittles,3,25x25,1
979,105,redundant,downtown,downtown_filler_27,xcpv_Park_Azaroth_Svarii,0,25x25,1
979,164,redundant,downtown,downtown_filler_30,xcpv_Park_Bench_InfectedGaming,0,25x25,1
979,743,junk,downtown,remnant_downtown_filler_25,xcpv_Lot_Vacant_07_EvilRacc0on,1,25x25,1
979,936,junk,downtown,remnant_downtown_filler_30,xcpv_Jail_Break_Pizza_Zeebark,2,25x25,1
979,1646,redundant,downtown,bank_02,xcpv_Cornish_Pasty_Shop_Medusa,1,25x25,1
979,1687,redundant,downtown,post_office_01,xcpv_Coffee_Shop_EvilRacc0on,0,25x25,1
988,-2011,junk,wilderness,wilderness_filler_19,xcpv_Field_Blueberry_01_ZZTong,0,25x25,1
994,-1952,junk,wilderness,wilderness_filler_15,xcpv_Farm_House_15_Oscerc,1,25x25,1
1004,896,junk,downtown,remnant_downtown_filler_17,xcpv_L4D_Pavilion_CraterCreator,0,25x25,1
1004,937,junk,downtown,remnant_downtown_strip_05,xcpv_Man_1_EvilRacc0on,5,42x42,1
1004,1346,junk,downtown,rubble_downtown_filler_18,xcpv_Zee_Bliss_Zeebark,2,25x25,1
1004,1387,junk,downtown,remnant_downtown_strip_07,xcpv_LittleAsia_Dojo_RedLotus,2,42x42,1
1004,1643,junk,downtown,remnant_downtown_filler_19,xcpv_Store_XS_06_ZZTong,2,25x25,1
1004,1687,junk,downtown,remnant_downtown_filler_25,xcpv_Store_XS_16_ZZTong,1,25x25,1
1004,1712,junk,downtown,remnant_downtown_filler_29,xcpv_Store_XS_08_ZZTong,1,25x25,1
1004,2440,redundant,downtown,downtown_filler_31,xcpv_Mirror_Shop_Zeebark,1,25x25,1
1004,2546,junk,downtown,rubble_downtown_filler_13,xcpv_Subday_Swolk,1,25x25,1
1004,2587,junk,downtown,rubble_downtown_filler_14,xcpv_Store_XS_03_ZZTong,2,25x25,1
1005,1754,redundant,downtown,downtown_filler_14,xcpv_Camping_Shop_Zeebark,1,25x25,1
1006,2761,junk,commercial,remnant_waste_01,xcpv_Syberdime_Lunitar,4,42x42,1
1007,-2744,junk,downtown,remnant_downtown_filler_17,xcpv_Store_XS_01_ZZTong,1,25x25,1
1007,-2719,junk,downtown,remnant_downtown_filler_09,xcpv_Store_XS_04_ZZTong,1,25x25,1
1007,-2694,junk,downtown,remnant_downtown_filler_12,xcpv_Store_Set_2_Guppycur,2,25x25,1
1007,-2554,junk,industrial,remnant_waste_06,xcpv_Baseball_Curmudgeon,1,42x42,1
1010,855,junk,downtown,remnant_downtown_filler_12,xcpv_Manhole_InfectedGaming,1,25x25,1
1010,1305,redundant,downtown,downtown_filler_05,xcpv_Countrytown_Alice,2,25x25,1
1011,2309,junk,industrial,lot_industrial_11,xcpv_LittleAsia_filler_01_TFP,0,25x25,1
1013,-2338,junk,wilderness,wilderness_filler_11,xcpv_Field_Potato_01_ZZTong,0,25x25,1
1014,1799,redundant,downtown,downtown_filler_12,xcpv_City_06_Stallionsden,1,25x25,1
1014,1824,junk,downtown,remnant_downtown_filler_05,xcpv_Supermarket_03_Zyncosa,0,25x25,1
1018,2002,redundant,industrial,warehouse_07,xcpv_Saturn_Office_Doc_Saturn,3,42x42,1
1018,2064,redundant,industrial,parking_lot_01,xcpv_KZTV_01_ZZTong,2,42x42,1
1018,2152,redundant,industrial,lot_vacant_05,xcpv_Bar_Pool_01_ZZTong,1,42x42,1
1021,2225,redundant,industrial,warehouse_04,xcpv_Waste_Crane_NLBlackEagle,1,42x42,1
1022,979,junk,downtown,remnant_downtown_filler_15,xcpv_Kissing_Booth_Stallionsden,1,25x25,1
1022,1429,redundant,downtown,downtown_filler_13,xcpv_Downtown_Building_Lot_Zeebark,0,25x25,0
1024,-2589,junk,industrial,lot_industrial_15,xcpv_LittleAsia_Modern_Cottage_StompyNZ,0,25x25,1
1028,-2007,junk,wilderness,lot_industrial_14,xcpv_Field_Cotton_01_ZZTong,0,25x25,1
1029,2587,junk,downtown,remnant_waste_19,xcpv_Mafia_Museum_Voltralux,3,42x42,1
1039,1754,redundant,downtown,downtown_filler_09,xcpv_Church_Zeebark,1,25x25,1
1039,1791,junk,downtown,rubble_downtown_filler_20,xcpv_Store_XS_10_ZZTong,2,25x25,1
1039,1816,junk,downtown,rubble_downtown_filler_21,xcpv_Store_XS_15_ZZTong,1,25x25,1
1043,854,junk,downtown,remnant_downtown_filler_18,xcpv_LittleAsia_Living_House_sm_Magoli,1,25x25,1
1043,1304,junk,downtown,rubble_downtown_filler_17,xcpv_Zee_Antiques_Zeebark,3,25x25,1
1043,2629,junk,downtown,rubble_downtown_filler_16,xcpv_Food_Store_ActiniumTiger,1,25x25,1
1044,896,junk,downtown,remnant_downtown_filler_21,xcpv_LittleAsia_Restaurant_Valconian,0,25x25,1
1044,1346,junk,downtown,rubble_downtown_filler_20,xcpv_Speedy_Flowers_Fluffy_Panda,1,25x25,1
1046,941,junk,downtown,remnant_downtown_filler_14,xcpv_LittleAsia_Modern_Cottage_StompyNZ,0,25x25,1
1046,1391,redundant,downtown,downtown_filler_11,xcpv_Drive_Thru_01_ZZTong,1,25x25,1
1046,1604,junk,downtown,remnant_downtown_filler_20,xcpv_Store_XS_12_ZZTong,1,25x25,1
1046,2309,junk,industrial,remnant_burnt_05,xcpv_Brownstones_01_ZZTong,2,42x42,1
1046,2439,junk,downtown,rubble_downtown_filler_05,xcpv_Store_Hugh_Diegar,2,25x25,1
1046,2504,redundant,downtown,downtown_filler_30,xcpv_Hot_Spot_Shema,2,25x25,1
1047,-2744,junk,downtown,remnant_downtown_filler_14,xcpv_Store_Hugh_Diegar,2,25x25,1
1047,-2622,junk,downtown,remnant_downtown_filler_18,xcpv_Store_XS_03_ZZTong,2,25x25,1
1049,2743,redundant,commercial,store_grocery_01,xcpv_LittleAsia_Fence_House_LouisVuitton,2,60x60,1
1050,-184,junk,wilderness,wilderness_filler_05,xcpv_Cabin_02_Stallionsden,1,25x25,1
1060,-1759,junk,wilderness,remnant_skyscraper_03,xcpv_Cidery_Deverezieaux,3,60x60,1
1064,-2486,junk,industrial,lot_industrial_16,xcpv_LittleAsia_Temple_Monks_Magoli,2,25x25,1
1064,1754,redundant,downtown,downtown_filler_13,xcpv_Convenience_OctoberFire,1,25x25,1
1067,2389,junk,downtown,rubble_downtown_filler_03,xcpv_Store_Set_2_Guppycur,2,25x25,1
1069,979,junk,downtown,remnant_downtown_filler_11,xcpv_Mens_Club_Vittles,2,25x25,1
1069,1429,redundant,downtown,downtown_filler_12,xcpv_Entrance_Sinkhole_FNS,0,25x25,1
1072,-2664,junk,downtown,remnant_downtown_strip_03,xcpv_Latte_Ladies_FNS,1,42x42,1
1083,663,junk,wilderness,wilderness_filler_01,xcpv_Cave_03_Fluffy_Panda,0,25x25,1
1084,2364,junk,downtown,rubble_downtown_filler_01,xcpv_Store_XS_04_ZZTong,1,25x25,1
1086,-2746,junk,downtown,remnant_downtown_filler_11,xcpv_Store_XS_02_ZZTong,1,25x25,1
1086,-2721,junk,downtown,remnant_downtown_strip_02,xcpv_Lakeside_Lodge_Kam,5,42x42,1
1087,1604,junk,downtown,remnant_downtown_filler_14,xcpv_Pet_Salon_Zeebark,1,25x25,1
1087,1629,junk,downtown,remnant_downtown_strip_18,xcpv_Little_Italy_Sarongas1999_Crazy1,1,42x42,1
1087,1792,junk,downtown,remnant_downtown_filler_04,xcpv_Store_XS_11_ZZTong,1,25x25,1
1087,2462,junk,downtown,remnant_downtown_strip_20,xcpv_Lumber_Yard_01_ZZTong,1,42x42,1
1087,2505,redundant,downtown,downtown_filler_27,xcpv_Ntt_Hub_01_ZZTong,1,25x25,1
1087,2629,junk,downtown,rubble_downtown_filler_12,xcpv_Store_Bob_diegar,2,25x25,1
1088,2549,junk,downtown,remnant_hospital_01,xcpv_Hotel_Restaurant_DazZ,5,60x60,1
1089,1837,junk,downtown,remnant_downtown_filler_21,xcpv_Store_XS_13_ZZTong,1,25x25,1
1090,1879,junk,downtown,remnant_downtown_filler_02,xcpv_Strip_Food_Stores_Gtpwr,1,25x25,1
1091,-2579,redundant,industrial,remnant_waste_05,xcpv_Carwash_Zeebark,1,42x42,1
1091,2437,junk,downtown,rubble_downtown_filler_04,xcpv_Store_Joel_Diegar,1,25x25,1
1092,2389,junk,downtown,rubble_downtown_filler_02,xcpv_Supermarket_04_Dest_Zyncosa,0,25x25,1
1093,1994,redundant,industrial,warehouse_03,xcpv_Little_League_Curmudgeon,5,60x60,1
1093,2054,junk,industrial,remnant_waste_15,xcpv_Dataden_AndyRed,5,60x60,1
1093,2221,redundant,industrial,remnant_waste_05,xcpv_Ria_Cafe_L_Redzero83,5,42x42,1
1094,855,junk,downtown,remnant_downtown_strip_04,xcpv_Malibu_Club_AndyRed,2,42x42,1
1094,917,junk,downtown,remnant_downtown_filler_19,xcpv_LittleAsia_Rickshaw_Stand_Komotipanda,0,25x25,1
1094,942,junk,downtown,remnant_downtown_filler_20,xcpv_LittleAsia_Temple_Monks_Magoli,2,25x25,1
1094,979,junk,downtown,remnant_downtown_filler_23,xcpv_Kits_Gelato_Shema,2,25x25,1
1094,1367,redundant,downtown,downtown_filler_07,xcpv_Filler_3_Zeebark,0,25x25,1
1094,1392,redundant,downtown,downtown_filler_06,xcpv_Filler_Park_10A_Deverezieaux,0,25x25,1
1094,1429,redundant,downtown,downtown_filler_14,xcpv_Filler_Park_10_Deverezieaux,0,25x25,0
1095,-2507,junk,industrial,remnant_burnt_06,xcpv_Bear_Head_Grill_TheGamerMama,2,42x42,1
1106,-2355,junk,wilderness,remnant_library_02,xcpv_Coronado_Crash_Slaan,0,60x60,1
1110,1179,redundant,residential,house_old_tudor_04,xcpv_Modern_House_KatsPurr,2,42x42,1
1110,2761,redundant,commercial,fire_station_02,xcpv_Latte_Ladies_FNS,1,42x42,1
1111,1727,redundant,downtown,downtown_filler_11,xcpv_Downtown_Building_Lot_01_Zeebark,0,25x25,1
1111,1754,junk,downtown,rubble_downtown_filler_19,xcpv_Store_XS_07_ZZTong,1,25x25,1
1112,1779,junk,downtown,remnant_downtown_strip_19,xcpv_Lua_Market_Oscerc,1,42x42,1
1112,2629,junk,downtown,rubble_downtown_filler_15,xcpv_Supermarket_02_Zyncosa,0,25x25,1
1114,2269,junk,industrial,lot_industrial_20,xcpv_Mikeys_Mines_FNS,1,25x25,1
1118,1022,junk,wilderness,wilderness_filler_03,xcpv_Chicken_Survivor_Site_01_Weazelsun,0,25x25,1
1119,-426,junk,wilderness,wilderness_filler_20,xcpv_Field_Corn_01_ZZTong,0,25x25,1
1119,909,junk,downtown,remnant_downtown_filler_16,xcpv_LittleAsia_Sword_Master_Magoli,0,25x25,1
1119,934,junk,downtown,remnant_downtown_filler_22,xcpv_LittleAsia_Pagoda_Magoli,3,25x25,1
1119,1359,redundant,downtown,downtown_filler_09,xcpv_Fast_Food_Vittles,1,25x25,1
1119,1384,junk,downtown,rubble_downtown_filler_21,xcpv_Smoke_Shop_EvilRacc0on,1,25x25,1
1121,-2065,junk,wilderness,wilderness_filler_19,xcpv_Shack_03_TallManBrad,0,25x25,1
1123,1878,junk,downtown,remnant_downtown_filler_08,xcpv_Supermarket_03_Dest_Zyncosa,0,25x25,1
1127,2522,redundant,downtown,downtown_filler_25,xcpv_Mouse_House_BattlePapi,1,25x25,1
1128,-2680,junk,downtown,remnant_downtown_filler_16,xcpv_Store_Joel_Diegar,1,25x25,1
1128,-2655,junk,downtown,remnant_downtown_filler_19,xcpv_Store_XS_05_ZZTong,1,25x25,1
1128,-2630,junk,downtown,remnant_downtown_filler_15,xcpv_Store_Bob_diegar,2,25x25,1
1128,1429,junk,downtown,rubble_downtown_filler_19,xcpv_Zee_Plantz_Zeebark,1,25x25,1
1128,1687,junk,downtown,remnant_downtown_filler_17,xcpv_Store_XS_09_ZZTong,1,25x25,1
1129,1646,junk,downtown,remnant_downtown_filler_18,xcpv_Store_XS_14_ZZTong,3,25x25,1
1129,1837,junk,downtown,remnant_downtown_filler_15,xcpv_Supermarket_02_Dest_Zyncosa,0,25x25,1
1129,2355,junk,downtown,remnant_downtown_filler_30,xcpv_Supermarket_04_Zyncosa,0,25x25,1
1129,2389,junk,downtown,rubble_downtown_filler_24,xcpv_Store_XS_05_ZZTong,1,25x25,1
1129,2414,junk,downtown,remnant_downtown_filler_22,xcpv_Store_XS_02_ZZTong,1,25x25,1
1129,2461,junk,downtown,remnant_downtown_filler_24,xcpv_Store_XS_01_ZZTong,1,25x25,1
1137,-2178,junk,wilderness,wilderness_filler_17,xcpv_Research_Station_NLBlackEagle,1,25x25,1
1154,-2810,junk,downtown,remnant_downtown_filler_04,xcpv_Store_XS_13_ZZTong,1,25x25,1
1154,-2507,junk,industrial,remnant_waste_15,xcpv_Car_Compound_Lunitar,4,60x60,1
1154,1240,redundant,downtown,downtown_filler_30,xcpv_Filler_4_Stallionsden,0,25x25,1
1154,1496,junk,downtown,remnant_downtown_filler_21,xcpv_Ultrascans_Clinic_AndyRed,1,25x25,1
1154,1537,junk,downtown,remnant_downtown_filler_02,xcpv_Uptown_Filler_05_LuzipherMST,3,25x25,1
1154,1646,junk,downtown,rubble_downtown_filler_02,xcpv_Warehouse_05_ZZTong,1,25x25,1
1154,1687,redundant,downtown,downtown_filler_park_05,xcpv_Farmers_Market_Vittles,1,25x25,1
1154,1796,redundant,downtown,downtown_filler_03,xcpv_Fire_Station_Slick50,1,25x25,1
1154,1837,junk,downtown,rubble_downtown_filler_24,xcpv_Small_Cafe_Bostonlondon,0,25x25,1
1154,2654,junk,commercial,remnant_waste_02,xcpv_TFP_BK_Book_Store_BadKarma64,3,42x42,1
1155,-2878,junk,downtown,remnant_business_04,xcpv_Library_01_ZZTong,1,42x42,1
1155,-2777,junk,downtown,remnant_downtown_filler_02,xcpv_Store_XS_15_ZZTong,1,25x25,1
1155,1172,redundant,downtown,parking_garage_01,xcpv_Mo_Power_01_InfectedGaming,1,42x42,1
1155,1273,redundant,downtown,downtown_filler_15,xcpv_Estate_Agent_Medusa,1,25x25,1
1155,1987,junk,downtown,remnant_downtown_strip_08,xcpv_LittleAsia_Gundam_Base_Hashi,2,42x42,1
1155,2063,junk,downtown,remnant_downtown_filler_12,xcpv_Police_Station_Stallionsden,4,25x25,1
1155,2088,junk,downtown,remnant_downtown_filler_11,xcpv_Reptile_Store_Zeebark,2,25x25,1
1155,2113,junk,downtown,rubble_downtown_filler_16,xcpv_Prepper_Petes_Lunitar,2,25x25,1
1155,2287,junk,downtown,remnant_downtown_strip_13,xcpv_LittleAsia_Park_02_TFP,0,42x42,1
1155,2363,junk,downtown,remnant_downtown_filler_07,xcpv_Park_Azaroth_Svarii,0,25x25,1
1155,2388,junk,downtown,remnant_downtown_filler_18,xcpv_Servo_OctoberFire,1,25x25,1
1155,2413,junk,downtown,remnant_downtown_filler_14,xcpv_Park_Bench_InfectedGaming,0,25x25,1
1155,2629,junk,downtown,remnant_downtown_filler_29,xcpv_Simps_Camping_Battlepapi,1,25x25,1
1156,-2639,redundant,downtown,downtown_filler_plaza_05,xcpv_City_Park_1_OctoberFire,0,25x25,1
1156,1411,junk,downtown,remnant_downtown_filler_29,xcpv_Used_Cars_Vitttles,1,25x25,1
1157,1906,junk,downtown,rubble_downtown_filler_12,xcpv_Restaurant_Gertle,1,25x25,1
1157,1956,redundant,downtown,downtown_filler_25,xcpv_Fuel_Station_NLBlackEagle,0,25x25,1
1157,2206,junk,downtown,remnant_downtown_filler_16,xcpv_Optometrists_Vittles,1,25x25,1
1157,2231,junk,downtown,remnant_downtown_filler_26,xcpv_PoPo_TehKarmah,2,25x25,1
1157,2256,junk,downtown,remnant_downtown_filler_08,xcpv_Pump_Substation_01_ZZTong,0,25x25,1
1157,2530,junk,downtown,remnant_downtown_filler_17,xcpv_Olive_Burgr_WillyBilly,0,25x25,1
1159,-2406,junk,wilderness,wilderness_filler_15,xcpv_Field_Aloe_01_ZZTong,0,25x25,1
1160,1349,junk,downtown,remnant_library_01,xcpv_Highrise_Gikon,2,60x60,1
1164,-2582,junk,industrial,remnant_waste_08,xcpv_Bike_Shop_War3zuk,2,42x42,1
1166,-2355,junk,wilderness,remnant_school_01,xcpv_Coronado_Barn_Slaan,2,60x60,1
1166,838,junk,wilderness,wilderness_filler_02,xcpv_Cave_NAGG,3,25x25,1
1169,2826,junk,wilderness,remnant_library_02,xcpv_Christmas_Day_Massacre_FNS,3,60x60,1
1170,2571,junk,downtown,remnant_downtown_strip_15,xcpv_LittleAsia_Restaurant_01_Redlotus,2,42x42,1
1171,-2746,junk,downtown,remnant_downtown_filler_28,xcpv_Supermarket_03_Dest_Zyncosa,0,25x25,1
1171,1304,junk,downtown,remnant_downtown_filler_28,xcpv_Uptown_filler_11_LuzipherMST,2,25x25,1
1179,1479,junk,downtown,remnant_downtown_strip_04,xcpv_Lighthouse_NAGG,3,42x42,1
1179,1537,junk,downtown,remnant_downtown_strip_01,xcpv_Library_NAGG,2,42x42,1
1179,1629,junk,downtown,remnant_downtown_strip_05,xcpv_LittleAsia_Castle_Kouseki,4,42x42,1
1179,1687,redundant,downtown,parking_garage_02,xcpv_Shrub_Conservatory_Werewulfen,1,42x42,1
1180,2437,junk,downtown,remnant_downtown_strip_14,xcpv_LittleAsia_Park_03_TFP,0,42x42,1
1183,-611,junk,wilderness,wilderness_filler_21,xcpv_Peggys_Petting_Zoo_FNS,1,25x25,1
1192,2629,junk,downtown,remnant_downtown_filler_19,xcpv_Park_Grampt,0,25x25,1
1193,1579,junk,downtown,remnant_downtown_filler_24,xcpv_Uptown_Filler_06_LuzipherMST,4,25x25,1
1193,1729,junk,downtown,remnant_downtown_filler_30,xcpv_Video_Rental_Voltralux,1,25x25,1
1193,1879,junk,downtown,rubble_downtown_filler_22,xcpv_Retro_Cafe_Zeebark,1,25x25,1
1196,-2811,junk,downtown,remnant_downtown_filler_05,xcpv_Store_XS_11_ZZTong,1,25x25,1
1196,-2771,junk,downtown,remnant_downtown_filler_01,xcpv_Strip_Food_Stores_Gtpwr,1,25x25,1
1196,-2746,junk,downtown,remnant_downtown_filler_29,xcpv_Supermarket_03_Zyncosa,0,25x25,1
1196,-2622,junk,downtown,remnant_downtown_filler_26,xcpv_Supermarket_02_Zyncosa,0,25x25,1
1196,1239,redundant,downtown,downtown_filler_25,xcpv_Filler_1_Stallionsden,0,25x25,1
1196,1279,redundant,downtown,downtown_filler_22,xcpv_Filler_3_Stallionsden,0,25x25,1
1196,1304,junk,downtown,remnant_downtown_filler_27,xcpv_Valentine_Gift_Shop_Libby,1,25x25,1
1196,1428,redundant,downtown,post_office_01,xcpv_Filler_2_Stallionsden,0,25x25,1
1196,1454,junk,downtown,remnant_downtown_filler_04,xcpv_Uptown_Filler_03_LuzipherMST,3,25x25,1
1196,1604,junk,downtown,rubble_downtown_filler_05,xcpv_Water_Tower_Dough,0,25x25,1
1196,1754,redundant,downtown,downtown_filler_02,xcpv_Eco_Apartments_Voltralux,3,25x25,1
1197,1906,junk,downtown,rubble_downtown_filler_13,xcpv_ProTech_Cafe_TheStainGaming,2,25x25,1
1197,2028,redundant,downtown,downtown_filler_27,xcpv_Filler_Deverezieaux,4,25x25,1
1197,2179,junk,downtown,remnant_downtown_filler_15,xcpv_Pop_in_Pills_Zeebark,1,25x25,1
1197,2206,junk,downtown,remnant_downtown_filler_06,xcpv_Pizza_Time_FNS,0,25x25,1
1197,2328,junk,downtown,remnant_downtown_filler_09,xcpv_Observatory_NLBlackEagle,1,25x25,1
1197,2505,junk,downtown,remnant_downtown_filler_25,xcpv_Seafood_Shop_Guppycur,1,25x25,1
1197,2530,junk,downtown,remnant_downtown_filler_20,xcpv_Pet_Store_Oscerc,1,25x25,1
1209,-2886,junk,downtown,remnant_downtown_filler_06,xcpv_Store_XS_09_ZZTong,1,25x25,1
1209,-2162,junk,wilderness,wilderness_filler_19,xcpv_Field_Fish_01_ZZTong,0,25x25,1
1209,1164,junk,downtown,rubble_downtown_filler_15,xcpv_ZVS_Pharmacy_Ogodno77,1,25x25,1
1217,-2861,junk,downtown,remnant_downtown_filler_23,xcpv_Store_XS_14_ZZTong,3,25x25,1
1217,1189,junk,downtown,rubble_downtown_filler_14,xcpv_ZBites_Zeebark,2,25x25,1
1220,3082,junk,wilderness,wilderness_filler_15,xcpv_Mass_Grave_01_ZZTong,0,25x25,1
1222,2286,junk,downtown,remnant_downtown_strip_12,xcpv_LittleAsia_Pagoda_RedLotus,2,42x42,1
1226,-2306,redundant,wilderness,water_tower_03,xcpv_Studio_01_ZZTong,0,25x25,1
1234,-2886,junk,downtown,remnant_downtown_filler_22,xcpv_Store_XS_12_ZZTong,1,25x25,1
1234,1164,junk,downtown,rubble_downtown_filler_12,xcpv_Watering_Hole_02_ZZTong,1,25x25,1
1236,1904,junk,downtown,rubble_downtown_filler_15,xcpv_Quad_Zeebark,3,25x25,1
1236,1929,junk,downtown,remnant_downtown_strip_09,xcpv_LittleAsia_Khoo_Kongsi_StompyNZ,2,42x42,1
1236,2055,junk,downtown,rubble_downtown_filler_17,xcpv_Police_Station_01_Weazelsun,1,25x25,1
1236,2177,redundant,downtown,downtown_filler_22,xcpv_Hostel_BYM1X,1,25x25,1
1236,2204,junk,downtown,remnant_downtown_filler_27,xcpv_Slabhouse_01_ZZTong,1,25x25,1
1236,2477,junk,downtown,rubble_downtown_filler_20,xcpv_Oil_Pump_Jack_01_ZZTong,0,25x25,1
1236,2513,junk,downtown,remnant_downtown_strip_16,xcpv_LittleAsia_Restaurant_Redlotus,3,42x42,1
1237,-2788,junk,downtown,remnant_downtown_strip_04,xcpv_Law_Offices_01_ZZTong,1,42x42,1
1237,-2663,redundant,downtown,parking_garage_03,xcpv_Hospital_Deverezieaux,5,42x42,1
1237,-2621,junk,downtown,remnant_downtown_filler_25,xcpv_Subday_Swolk,1,25x25,1
1237,-1924,junk,wilderness,wilderness_filler_05,xcpv_Field_Yucca_01_ZZTong,0,25x25,1
1237,1262,junk,downtown,remnant_downtown_strip_06,xcpv_LittleAsia_Chinese_Market_Magoli,1,42x42,1
1237,1329,junk,downtown,remnant_business_04,xcpv_LittleAsia_Apartments_Magoli,3,42x42,1
1237,1429,junk,downtown,lot_downtown_filler_01,xcpv_Uptown_Filler_09_LuzipherMST,2,25x25,1
1237,1455,junk,downtown,remnant_downtown_filler_23,xcpv_Uptown_Filler_04_LuzipherMST,3,25x25,1
1237,1579,junk,downtown,remnant_downtown_filler_22,xcpv_Uptown_Filler_02_LuzipherMST,3,25x25,1
1237,1605,redundant,downtown,downtown_filler_31,xcpv_Filler_2_Zeebark,0,25x25,1
1237,1729,junk,downtown,rubble_downtown_filler_04,xcpv_Waste_Disposal_Vittles,1,25x25,1
1237,1755,redundant,downtown,downtown_filler_01,xcpv_Fit_You_Shema,2,25x25,1
1238,1499,junk,downtown,remnant_hospital_01,xcpv_Haus_Der_Pizza_PlastikRice,2,60x60,1
1238,1649,junk,downtown,remnant_church_01,xcpv_Hostel_TopMinder,5,60x60,1
1238,1799,junk,downtown,remnant_school_01,xcpv_Hotel_Dest_Zyncosa,5,60x60,1
1240,-2746,junk,downtown,lot_downtown_filler_01,xcpv_Supermarket_02_Dest_Zyncosa,0,25x25,1
1240,1304,junk,downtown,remnant_downtown_filler_26,xcpv_Uptown_Filler_10_LuzipherMST,5,25x25,1
1241,-2813,junk,downtown,remnant_downtown_filler_07,xcpv_Store_XS_07_ZZTong,1,25x25,1
1241,1237,junk,downtown,rubble_downtown_filler_11,xcpv_Watering_Hole_01_ZZTong,0,25x25,1
1242,-2861,junk,downtown,remnant_downtown_filler_24,xcpv_Store_XS_16_ZZTong,1,25x25,1
1242,1189,junk,downtown,rubble_downtown_filler_13,xcpv_Wooden_Store_Guppycur,1,25x25,1
1256,2917,junk,wilderness,wilderness_filler_14,xcpv_House_Shanty_01_Svarii,0,25x25,1
1261,2079,junk,downtown,remnant_downtown_strip_11,xcpv_LittleAsia_KungFu_School_Magoli,2,42x42,1
1261,2762,junk,commercial,remnant_waste_03,xcpv_TFP_Brr_Icecream_VoltraLux,1,42x42,1
1262,1579,junk,downtown,remnant_downtown_filler_05,xcpv_Uptown_Filler_01_LuzipherMST,2,25x25,1
1262,1729,junk,downtown,rubble_downtown_filler_03,xcpv_Warehouse_03_ZZTong,2,25x25,1
1276,2127,junk,downtown,rubble_downtown_filler_18,xcpv_Private_School_Vittles,2,25x25,1
1276,2152,junk,downtown,remnant_downtown_filler_28,xcpv_Power_Station_LuckyStar,1,25x25,1
1276,2477,redundant,downtown,downtown_filler_11,xcpv_Frat_House_EvilRacc0on,1,25x25,1
1277,1472,junk,downtown,remnant_downtown_filler_01,xcpv_Uptown_Filler_07_LuzipherMST,3,25x25,1
1277,1622,junk,downtown,rubble_downtown_filler_01,xcpv_Washington_Cemetery_Double_G,1,25x25,1
1277,1772,junk,downtown,rubble_downtown_filler_23,xcpv_Solar_Farm_02_ZZTong,0,25x25,1
1278,1970,redundant,downtown,downtown_filler_30,xcpv_Fanz_Duplex_Zeebark,2,25x25,1
1278,1995,junk,downtown,rubble_downtown_filler_14,xcpv_Polizei_Mute,2,25x25,1
1278,2320,redundant,downtown,downtown_filler_24,xcpv_Food_Truck_Laz_Man,0,25x25,1
1279,-2895,junk,downtown,remnant_downtown_filler_08,xcpv_Store_XS_06_ZZTong,2,25x25,1
1279,-2836,junk,downtown,remnant_downtown_filler_20,xcpv_Store_XS_08_ZZTong,1,25x25,1
1279,-2789,junk,downtown,remnant_downtown_filler_21,xcpv_Store_XS_10_ZZTong,2,25x25,1
1279,-2704,junk,downtown,remnant_downtown_filler_27,xcpv_Supermarket_04_Dest_Zyncosa,0,25x25,1
1279,-2663,junk,downtown,remnant_downtown_filler_30,xcpv_Supermarket_04_Zyncosa,0,25x25,1
1279,1155,redundant,downtown,downtown_filler_park_02,xcpv_Filler_Park_11_Deverezieaux,0,25x25,0
1279,1189,redundant,downtown,downtown_filler_27,xcpv_Filler_Zeebark,0,25x25,1
1279,1214,redundant,downtown,downtown_filler_24,xcpv_Filler_Park_11A_Deverezieaux,0,25x25,1
1279,1261,junk,downtown,rubble_downtown_filler_16,xcpv_Zap_Arcade_Voltralux,2,25x25,1
1279,1346,redundant,downtown,downtown_filler_plaza_05,xcpv_Filler_Sandbox_1_Arramus,0,25x25,0
1279,1387,junk,downtown,remnant_downtown_filler_25,xcpv_Uptown_Filler_08_LuzipherMST,3,25x25,1
1297,-2069,junk,wilderness,wilderness_filler_19,xcpv_Field_Hop_01_ZZTong,0,25x25,1
1304,1390,junk,downtown,remnant_downtown_filler_17,xcpv_Surprise_Store_InfectedGaming,1,25x25,1
1305,-3046,junk,commercial,remnant_business_05,xcpv_Stripper_Bar_Mute,2,42x42,1
1305,-2472,junk,industrial,lot_industrial_17,xcpv_LittleAsia_Pagoda_Magoli,3,25x25,1
1305,1322,junk,downtown,remnant_downtown_strip_02,xcpv_Library_Lili,1,42x42,1
1305,1423,junk,downtown,remnant_downtown_filler_19,xcpv_Tattoo_Parlour_Mute,1,25x25,1
1307,-754,redundant,industrial,fire_station_02,xcpv_Union_Station_BuLLeTZ,2,42x42,1
1322,1842,junk,wilderness,lot_downtown_filler_01,xcpv_Field_Chickens_01_ZZTong,0,25x25,1
1340,-2051,junk,wilderness,wilderness_filler_18,xcpv_Wilderness_Filler_02_ZZTong,0,25x25,1
1346,1389,junk,downtown,remnant_downtown_filler_14,xcpv_Supermarket_05_Zyncosa,0,25x25,1
1346,1429,junk,downtown,remnant_downtown_filler_20,xcpv_They_All_Float_Down_Here_FNS,1,25x25,1
1359,1314,junk,downtown,remnant_downtown_filler_12,xcpv_Supermarket_06_Zyncosa,0,25x25,1
1367,1339,junk,downtown,remnant_downtown_filler_06,xcpv_Tribute_OctoberFire,0,25x25,1
1370,-943,redundant,industrial,warehouse_06,xcpv_Titty_Twister_Sorrowthief,1,42x42,1
1379,-2091,redundant,wilderness,warehouse_05,xcpv_Cave_01_ZZTong,1,42x42,1
1379,2349,junk,wilderness,lot_industrial_16,xcpv_L4D_Tower_CraterCreator,0,25x25,1
1380,824,redundant,wilderness,cave_07,xcpv_Coronado_Sheds_Slaan,1,60x60,1
1384,1314,junk,downtown,remnant_downtown_filler_15,xcpv_Supermarket_05_Dest_Zyncosa,0,25x25,1
1387,-1446,redundant,residential,house_old_victorian_07,xcpv_Nice_House_BigC90210,2,42x42,1
1387,1412,junk,downtown,remnant_downtown_strip_03,xcpv_Library_Mexico666,3,42x42,1
1391,-779,redundant,industrial,warehouse_08,xcpv_Utility_Combo_LuckyStar,2,42x42,1
1391,1387,junk,downtown,remnant_downtown_filler_07,xcpv_Tattooist_Mute,0,25x25,1
1392,1339,junk,downtown,remnant_downtown_filler_09,xcpv_TFP_Remnant_Industrial_04_ZZTong,0,25x25,1
1401,-979,junk,wilderness,lot_vacant_04,xcpv_Cave_05_Fluffy_Panda,0,25x25,1
1412,-3046,redundant,commercial,parking_lot_02,xcpv_Store_S_01_ZZTong,3,42x42,1
1412,-2938,junk,commercial,remnant_burnt_08,xcpv_Strip_Mall_Guppycur,1,42x42,1
1412,-2788,redundant,commercial,parking_lot_01,xcpv_Store_S_02_ZZTong,2,42x42,1
1429,1339,junk,downtown,remnant_downtown_filler_08,xcpv_Tattooist_01_Mute,2,25x25,1
1429,1364,junk,downtown,remnant_downtown_filler_16,xcpv_Supermarket_06_Dest_Zyncosa,0,25x25,1
1429,1411,junk,downtown,remnant_downtown_filler_18,xcpv_TFP_Office88_Voltralux,2,25x25,1
1456,-2721,redundant,residential,house_old_victorian_09,xcpv_Military_2_Oscerc,2,42x42,1
1456,-2663,redundant,residential,park_01,xcpv_Military_Oscerc,1,42x42,1
1492,-1147,junk,wilderness,lot_vacant_06,xcpv_Rural_Filler_04_ZZTong,0,25x25,1
1499,-3045,junk,commercial,remnant_waste_18,xcpv_Apartments_Zyncosa,3,60x60,1
1503,2229,junk,wilderness,lot_industrial_10,xcpv_Lot_for_Sale_Zeebark,0,25x25,0
1506,2038,junk,wilderness,lot_industrial_11,xcpv_Store_XS_18_ZZTong,1,25x25,1
1510,1349,junk,wilderness,wilderness_filler_05,xcpv_Small_Bunker_InfectedGaming,2,25x25,1
1519,-1173,junk,wilderness,lot_vacant_09,xcpv_Garage_01_ZZTong,0,25x25,1
1521,2169,redundant,wilderness,warehouse_03,xcpv_Dawsons_Kingdom_TheGamerMama,3,60x60,1
1531,2038,junk,wilderness,lot_industrial_20,xcpv_Cabin_01_ZZTong,1,25x25,1
1536,2237,junk,wilderness,lot_industrial_19,xcpv_Hestias_Hot_Spring_FNS,0,25x25,1
1542,-2956,junk,commercial,remnant_waste_16,xcpv_Apartments_JSDoctor,3,60x60,1
1556,2036,junk,wilderness,lot_industrial_09,xcpv_Field_Coffee_01_ZZTong,0,25x25,1
1564,1630,junk,wilderness,wilderness_filler_06,xcpv_Farm_Barn_Oscerc,1,25x25,1
1573,-2191,junk,wilderness,wilderness_filler_16,xcpv_Oil_Pump_WillyBilly,0,25x25,1
1583,2039,junk,wilderness,lot_industrial_07,xcpv_Speleological_Society_01_ZZTong,3,25x25,1
1589,2169,junk,wilderness,lot_industrial_18,xcpv_Rural_Filler_01_ZZTong,0,25x25,1
1597,-2062,junk,wilderness,wilderness_filler_18,xcpv_Paddys_Pumpkin_Patch_FNS,0,25x25,1
1597,882,junk,wilderness,wilderness_filler_01,xcpv_Taylors_Camp_Tdestructinator,1,25x25,1
1608,-1051,junk,gateway,remnant_skyscraper_04,xcpv_Evac_site_01_Weazelsun,2,60x60,1
1681,-166,junk,wilderness,wilderness_filler_21,xcpv_Trailer_03_ZZTong,1,25x25,1
1704,-126,junk,wilderness,wilderness_filler_08,xcpv_Trailer_04_ZZTong,1,25x25,1
1725,-3075,junk,wilderness,wilderness_filler_14,xcpv_Mine_Dest_Zyncosa,1,25x25,1
1725,1810,junk,wilderness,remnant_skyscraper_05,xcpv_Ancient_Tomb_Bigstep70,2,60x60,1
1738,985,junk,wilderness,wilderness_filler_15,xcpv_Forest_1_Killerbunny,1,25x25,1
1755,1429,junk,downtown,remnant_downtown_filler_14,xcpv_Fun_House_TheGamerMama,2,25x25,1
1757,1330,junk,downtown,remnant_downtown_filler_17,xcpv_GunShop_Kendo_VoltraLux,2,25x25,1
1770,1371,junk,downtown,remnant_downtown_strip_03,xcpv_Mini_Mall_Spider,1,42x42,1
1780,-2884,junk,wilderness,wilderness_filler_15,xcpv_Mine_Zyncosa,2,25x25,1
1788,-1222,junk,wilderness,remnant_oldwest_05,xcpv_Bunker_NLBlackEagle,1,25x25,1
1789,-1197,junk,wilderness,remnant_oldwest_09,xcpv_Cabin_01_Stallionsden,1,25x25,1
1792,1429,junk,downtown,remnant_downtown_filler_18,xcpv_Gym_Theodryck,1,25x25,1
1793,-1172,junk,wilderness,remnant_oldwest_07,xcpv_Burial_Shrine_Snake0567,2,25x25,1
1797,1305,junk,downtown,remnant_downtown_filler_20,xcpv_Gaming_Den_Mute,2,25x25,1
1797,1330,junk,downtown,remnant_downtown_filler_15,xcpv_Imhoteps_Kebap_Shema,1,25x25,1
1817,1429,junk,downtown,remnant_downtown_filler_16,xcpv_Info_Center_LuckyStar,1,25x25,1
1825,-1175,junk,wilderness,remnant_oldwest_06,xcpv_Burrows_Nauti_Angel,1,25x25,1
1827,-1218,junk,wilderness,remnant_oldwest_04,xcpv_Army_Point_Kopfgeldjaeger,1,25x25,1
1836,1369,junk,downtown,remnant_downtown_strip_05,xcpv_Military_Barracks_Oscerc,4,42x42,1
1843,1429,junk,downtown,remnant_downtown_filler_21,xcpv_Game_Shop_Talladaye,1,25x25,1
1849,1010,junk,wilderness,wilderness_filler_18,xcpv_Fire_Watch_Tower_SciFiFlippa,1,25x25,1
1860,-149,junk,wilderness,remnant_oldwest_04,xcpv_Post_NLBlackEagle,1,25x25,1
1875,-1691,junk,wilderness,wilderness_filler_15,xcpv_Cabin_03_Stallionsden,0,25x25,1
1878,1330,junk,downtown,remnant_downtown_filler_19,xcpv_Key_2_Home_BattlePapi,1,25x25,1
1878,1429,junk,downtown,remnant_downtown_filler_22,xcpv_Garage_01_ZZTong,0,25x25,1
1889,-1268,junk,wilderness,lot_vacant_07,xcpv_Ancient_Apache_Ground_Nauti_Angel,0,25x25,1
1983,2901,redundant,wilderness,utility_refinery_01,xcpv_Crypto_Miner_01_ZZTong,1,42x42,1
1999,2663,junk,wilderness,lot_industrial_17,xcpv_Gas_Station_01_ZZTong,1,25x25,1
1999,2688,junk,wilderness,lot_industrial_18,xcpv_Field_Fish_01_ZZTong,0,25x25,1
2000,2876,junk,wilderness,lot_industrial_09,xcpv_Store_XS_17_ZZTong,2,25x25,1
2002,2534,junk,wilderness,lot_industrial_14,xcpv_Cave_01_Fluffy_Panda,0,25x25,1
2002,2559,junk,wilderness,lot_industrial_01,xcpv_Cave_04_Fluffy_Panda,0,25x25,1
2004,-742,redundant,residential,house_old_victorian_11,xcpv_Manor_House_WereWulfen,2,42x42,1
2026,2960,junk,wilderness,lot_industrial_12,xcpv_Field_Hop_01_ZZTong,0,25x25,1
2029,2471,redundant,wilderness,utility_celltower_01,xcpv_Burrows_Nauti_Angel,1,25x25,1
2049,787,junk,wilderness,wilderness_filler_04,xcpv_House_Shanty_01_Svarii,0,25x25,1
2054,-3141,junk,wilderness,wilderness_filler_05,xcpv_Wilderness_Filler_03_ZZTong,0,25x25,0
2057,-1141,junk,wilderness,lot_vacant_08,xcpv_Rural_Filler_02_ZZTong,0,25x25,1
2079,-382,junk,wilderness,wilderness_filler_03,xcpv_Trailer_01_ZZTong,2,25x25,1
2081,-3256,junk,wilderness,wilderness_filler_20,xcpv_Fire_Watch_Tower_SciFiFlippa,1,25x25,1
2086,-1225,junk,wilderness,wilderness_filler_09,xcpv_Lot_for_Sale_Zeebark,0,25x25,0
2088,2963,junk,wilderness,lot_industrial_19,xcpv_Forest_Camp_Officericee,0,25x25,1
2102,-3151,junk,wilderness,wilderness_filler_21,xcpv_Zmart_Zeebark,1,25x25,1
2106,-2414,junk,wilderness,remnant_oldwest_01,xcpv_Tower_Fluffy_Panda,1,25x25,1
2106,2423,junk,wilderness,lot_industrial_15,xcpv_Cabin_04_Stallionsden,1,25x25,1
2106,2448,junk,wilderness,lot_industrial_16,xcpv_Rural_Filler_05_ZZTong,0,25x25,1
2109,-2449,junk,wilderness,wilderness_filler_03,xcpv_Shack_TallmanBrad,0,25x25,1
2125,954,junk,wilderness,remnant_downtown_strip_18,xcpv_Army_Bunker_TwistedViking,3,42x42,1
2126,2965,junk,wilderness,wilderness_filler_21,xcpv_Cabin_03_Stallionsden,0,25x25,1
2141,924,junk,wilderness,remnant_coffee_shop_02,xcpv_Mine_Dest_Zyncosa,1,25x25,1
2148,-1010,junk,wilderness,remnant_oldwest_04,xcpv_Military_Supply_Stash_Viper7,0,25x25,1
2160,652,junk,wilderness,wilderness_filler_06,xcpv_Field_Potato_01_ZZTong,0,25x25,1
2178,2505,junk,industrial,lot_industrial_09,xcpv_LittleAsia_Sword_Master_Magoli,0,25x25,1
2178,2778,junk,industrial,lot_industrial_06,xcpv_LittleAsia_Living_House_sm_Magoli,1,25x25,1
2190,-3073,junk,wilderness,wilderness_filler_10,xcpv_Watch_Tower_1_Fleshus,2,25x25,1
2191,572,junk,wilderness,wilderness_filler_21,xcpv_Tank_Mackenziix,0,25x25,1
2193,3012,junk,wilderness,lot_industrial_04,xcpv_Cave_02_Fluffy_Panda,0,25x25,1
2193,3037,junk,wilderness,lot_industrial_03,xcpv_Cave_06_Fluffy_Panda,0,25x25,1
2195,-75,redundant,wilderness,park_01,xcpv_Cave_02_ZZTong,1,42x42,1
2195,2962,junk,wilderness,lot_industrial_11,xcpv_Cabin_02_ZZTong,2,25x25,1
2204,2505,redundant,industrial,junkyard_01,xcpv_Mile_End_Prison_Zeebark,3,60x60,1
2204,2886,junk,industrial,lot_industrial_08,xcpv_LittleAsia_Rickshaw_Stand_Komotipanda,0,25x25,1
2205,2655,junk,industrial,lot_industrial_16,xcpv_Store_XS_14_ZZTong,3,25x25,1
2214,2598,junk,industrial,remnant_waste_06,xcpv_Cantine_Limodor,1,42x42,1
2218,3012,junk,wilderness,lot_industrial_06,xcpv_Cave_07_Fluffy_Panda,0,25x25,1
2218,3037,junk,wilderness,lot_industrial_05,xcpv_Cave_05_Fluffy_Panda,0,25x25,1
2226,2690,junk,industrial,remnant_industrial_large_02,xcpv_Apartment_Store_Zyncosa,4,100x100,1
2232,2360,junk,wilderness,wilderness_filler_08,xcpv_Field_Cotton_01_ZZTong,0,25x25,1
2239,2884,redundant,industrial,parking_lot_01,xcpv_Store_Bank_Deverezieaux,3,42x42,1
2246,430,junk,wilderness,wilderness_filler_13,xcpv_Field_Mushroom_01_ZZTong,0,25x25,1
2258,2805,junk,industrial,lot_industrial_05,xcpv_LittleAsia_Restaurant_Valconian,0,25x25,1
2267,2967,junk,wilderness,wilderness_filler_20,xcpv_Field_Aloe_01_ZZTong,0,25x25,1
2288,-1673,junk,wilderness,remnant_oldwest_04,xcpv_Potatofield_Oscerc,0,25x25,0
2291,-188,junk,wilderness,wilderness_filler_17,xcpv_Military_Dumpsite_01_Weazelsun,0,25x25,1
2293,2859,redundant,industrial,lot_vacant_05,xcpv_Small_Fitness_KillerBee,1,42x42,1
2295,2911,redundant,industrial,parking_lot_02,xcpv_Saul_Goodman_InfectedGaming,2,42x42,1
2302,2598,redundant,industrial,remnant_waste_05,xcpv_Church_Sarongas1999_Crazy1,2,42x42,1
2303,-222,junk,downtown,rubble_downtown_filler_05,xcpv_Filler_Park_10_Deverezieaux,0,25x25,0
2304,117,junk,wilderness,wilderness_filler_05,xcpv_Forest_Camp_Officericee,0,25x25,1
2317,1540,junk,wilderness,wilderness_filler_15,xcpv_Site_4_AndyRed,0,25x25,0
2318,1650,junk,wilderness,wilderness_filler_17,xcpv_Zmart_Zeebark,1,25x25,1
2318,1697,junk,wilderness,wilderness_filler_18,xcpv_Wilderness_Filler_03_ZZTong,0,25x25,0
2319,-1330,junk,wilderness,wilderness_filler_18,xcpv_Wilderness_Filler_01_ZZTong,0,25x25,1
2322,3073,junk,wilderness,wilderness_filler_19,xcpv_Military_Dumpsite_01_Weazelsun,0,25x25,1
2324,2815,junk,industrial,lot_industrial_07,xcpv_L4D_Pavilion_CraterCreator,0,25x25,1
2345,2015,junk,wilderness,wilderness_filler_10,xcpv_Small_Hive_FNS,4,25x25,1
2355,1604,junk,downtown,rubble_downtown_filler_04,xcpv_7dtd_Tribute_OctoberFire,0,25x25,1
2355,2725,junk,industrial,lot_industrial_13,xcpv_Store_XS_08_ZZTong,1,25x25,1
2356,-89,junk,downtown,rubble_downtown_filler_24,xcpv_Downtown_Building_Lot_Zeebark,0,25x25,0
2364,1649,junk,downtown,remnant_downtown_filler_29,xcpv_Bad_Wolf_Plaza_TehKarmah,0,25x25,1
2364,1674,junk,downtown,remnant_downtown_filler_30,xcpv_Assgard_Hardware_Battlepapi,1,25x25,1
2365,-3070,junk,wilderness,wilderness_filler_17,xcpv_Small_Bunker_InfectedGaming,2,25x25,1
2365,2659,junk,industrial,lot_industrial_12,xcpv_Store_XS_16_ZZTong,1,25x25,1
2371,2825,redundant,industrial,gas_station_03,xcpv_Station_South_NLBlackEagle,0,42x42,1
2372,1711,junk,downtown,remnant_downtown_strip_12,xcpv_Church_Laz_Man,1,42x42,1
2380,2760,junk,industrial,remnant_waste_08,xcpv_Car_Dealership_New_P1ut0nium,1,42x42,1
2388,2019,junk,wilderness,wilderness_filler_21,xcpv_Oil_Pump_WillyBilly,0,25x25,1
2389,1604,junk,downtown,rubble_downtown_filler_01,xcpv_Appliance_Store_Deverezieaux,3,25x25,1
2389,1641,junk,downtown,rubble_downtown_filler_02,xcpv_Apartment_Spider,2,25x25,1
2389,1666,junk,downtown,remnant_downtown_filler_28,xcpv_Bar_Vittles,1,25x25,1
2396,-72,redundant,downtown,downtown_filler_05,xcpv_Uptown_Filler_07_LuzipherMST,3,25x25,1
2396,2909,redundant,industrial,parking_lot_03,xcpv_Church_NekrusAndro_Malius,1,42x42,1
2401,3049,junk,wilderness,wilderness_filler_09,xcpv_Shack_03_TallManBrad,0,25x25,1
2408,2472,junk,wilderness,lot_industrial_20,xcpv_Cabin_02_Stallionsden,1,25x25,1
2409,2673,junk,industrial,remnant_burnt_05,xcpv_Canucks_Coffee_Nagg_Community,3,42x42,1
2414,1604,junk,downtown,remnant_downtown_filler_27,xcpv_Bike_BB_Zeebark,1,25x25,1
2419,2519,junk,industrial,lot_industrial_15,xcpv_Store_XS_10_ZZTong,2,25x25,1
2420,37,junk,gateway,remnant_skyscraper_02,xcpv_Gas_Station_MRRAYTV,4,60x60,1
2420,2406,junk,wilderness,wilderness_filler_15,xcpv_Farm_House_15_Oscerc,1,25x25,1
2434,2727,redundant,industrial,utility_electric_co_01,xcpv_Shanty_Town_EvilRacc0on,2,42x42,1
2436,2779,junk,industrial,lot_industrial_04,xcpv_Store_XS_12_ZZTong,1,25x25,1
2437,-71,redundant,downtown,downtown_filler_06,xcpv_Zee_Antiques_Zeebark,3,25x25,1
2437,1642,junk,downtown,rubble_downtown_filler_05,xcpv_Apartment_03_Stallionsden,3,25x25,1
2439,1687,junk,downtown,remnant_downtown_filler_26,xcpv_Billboard_OctoberFire,0,25x25,1
2440,1729,junk,downtown,rubble_downtown_filler_03,xcpv_Antenna_BattlePapi,1,25x25,1
2443,2821,junk,industrial,remnant_burnt_06,xcpv_Cafe_LazyTurtle89,2,42x42,1
2459,2570,redundant,industrial,warehouse_05,xcpv_Sheriff_01_ZZTong,3,42x42,1
2459,2622,junk,industrial,lot_industrial_14,xcpv_Supermarket_03_Zyncosa,0,25x25,1
2461,1604,junk,downtown,rubble_downtown_filler_12,xcpv_Blue_Fone_Cafe_Battlepapi,1,25x25,1
2461,2671,redundant,industrial,utility_refinery_01,xcpv_Church_Zyncosa,2,42x42,1
2462,1629,junk,downtown,remnant_downtown_strip_13,xcpv_Apartments_Alice,5,42x42,1
2464,2869,junk,industrial,lot_industrial_10,xcpv_Store_XS_06_ZZTong,2,25x25,1
2467,1404,junk,wilderness,wilderness_filler_14,xcpv_Site_1_AndyRed,0,25x25,1
2473,1728,junk,downtown,rubble_downtown_filler_11,xcpv_Bakery_Shema,1,25x25,1
2479,1687,junk,downtown,remnant_downtown_filler_25,xcpv_Book_Case_Octoberfire,2,25x25,1
2489,2963,junk,wilderness,remnant_waste_15,xcpv_Blood_Falls_Cave_Stample,3,60x60,1
2504,-3028,junk,downtown,remnant_downtown_filler_21,xcpv_Police_Station_01_Weazelsun,1,25x25,1
2504,-2981,junk,downtown,remnant_downtown_filler_24,xcpv_Pop_in_Pills_Zeebark,1,25x25,1
2504,-2922,junk,downtown,remnant_downtown_filler_19,xcpv_Pizza_Time_FNS,0,25x25,1
2504,-154,junk,downtown,remnant_downtown_filler_01,xcpv_Filler_2_Zeebark,0,25x25,1
2504,-113,junk,downtown,remnant_downtown_filler_04,xcpv_Filler_3_Zeebark,0,25x25,1
2504,-4,junk,downtown,remnant_downtown_filler_06,xcpv_Entrance_Sinkhole_FNS,0,25x25,1
2504,1121,junk,wilderness,remnant_coffee_shop_01,xcpv_Mine_Zyncosa,2,25x25,1
2504,1646,junk,downtown,remnant_downtown_filler_17,xcpv_Chippys_Chippy_Zeebark,1,25x25,1
2504,1687,junk,downtown,remnant_downtown_filler_11,xcpv_City_07_Stallionsden,1,25x25,1
2504,1793,junk,downtown,remnant_downtown_filler_20,xcpv_Castle_Chips_Arramus,2,25x25,1
2504,1837,junk,downtown,remnant_downtown_filler_21,xcpv_Carpu_Pond_TehKarmah,0,25x25,0
2504,1862,junk,downtown,rubble_downtown_filler_14,xcpv_Chemical_Lot_TFP,1,25x25,1
2505,-2896,junk,downtown,remnant_downtown_filler_14,xcpv_Park_Bench_InfectedGaming,0,25x25,1
2505,-1096,junk,industrial,remnant_business_01,xcpv_Aquatic_Centre_Zyncosa,3,60x60,1
2505,-946,redundant,industrial,warehouse_02,xcpv_Haulier_lg_Limodor,1,60x60,1
2505,-856,junk,industrial,remnant_waste_15,xcpv_Asylum_Wsiegel,5,60x60,1
2505,-437,redundant,downtown,downtown_filler_30,xcpv_Uptown_Filler_08_LuzipherMST,3,25x25,1
2505,1454,junk,downtown,lot_downtown_filler_01,xcpv_DMV_Satellite_Vittles,1,25x25,1
2507,1346,junk,industrial,remnant_waste_08,xcpv_7DTF_TheStainGaming,2,42x42,1
2510,-45,junk,downtown,remnant_downtown_filler_05,xcpv_Farmers_Market_Vittles,1,25x25,1
2513,2505,redundant,wilderness,warehouse_04,xcpv_Cornfield_Oscerc,0,42x42,0
2514,1499,junk,downtown,rubble_downtown_filler_20,xcpv_Detective_Medusa,1,25x25,1
2515,-1624,junk,wilderness,wilderness_filler_15,xcpv_Ranger_Cabin_Guppycur,0,25x25,1
2518,-1236,redundant,industrial,fire_station_02,xcpv_Plant_Wsiegel,5,42x42,1
2519,-3136,junk,industrial,lot_industrial_14,xcpv_Electricity_Substation_NLBlackEagle,0,25x25,1
2519,1214,junk,industrial,lot_vacant_01,xcpv_Distribution_TheFootpad,1,25x25,1
2520,2555,junk,wilderness,lot_industrial_13,xcpv_Rural_Filler_06_ZZTong,0,25x25,0
2522,1561,junk,downtown,remnant_downtown_strip_15,xcpv_Fastfood_Roosters_VoltraLux,2,42x42,1
2523,-3105,junk,industrial,remnant_burnt_05,xcpv_Art_Gallery_Wsiegel,1,42x42,1
2523,1245,redundant,industrial,warehouse_04,xcpv_Drive_Thru_Bigstep70,1,42x42,1
2524,1311,junk,industrial,lot_industrial_21,xcpv_Electricity_Substation_NLBlackEagle,0,25x25,1
2527,2785,junk,wilderness,wilderness_filler_19,xcpv_Field_Animals_01_ZZTong,0,25x25,1
2529,-3046,junk,downtown,remnant_downtown_strip_03,xcpv_KZTV_01_ZZTong,2,42x42,1
2529,-113,redundant,downtown,parking_garage_01,xcpv_Mozart_Conservatory_Cerberus,3,42x42,1
2529,1629,junk,downtown,remnant_downtown_strip_08,xcpv_Drs_Office_Bostonlondon,1,42x42,1
2529,1687,junk,downtown,remnant_downtown_strip_14,xcpv_Disco_Xan,2,42x42,1
2529,1779,junk,downtown,remnant_downtown_strip_09,xcpv_Dept_TehKarmah,2,42x42,1
2533,2677,junk,wilderness,remnant_business_05,xcpv_Army_4_Zyncosa,2,42x42,1
2534,2614,redundant,wilderness,warehouse_05,xcpv_Crash_Site_Voltralux,1,42x42,1
2539,1491,junk,downtown,rubble_downtown_filler_19,xcpv_Dentist_Vittles,1,25x25,1
2539,1516,junk,downtown,rubble_downtown_filler_21,xcpv_Design_Firm_EvilRacc0on,2,25x25,1
2540,-2896,junk,downtown,remnant_downtown_filler_05,xcpv_Park_Azaroth_Svarii,0,25x25,1
2541,-2956,junk,downtown,remnant_downtown_filler_23,xcpv_Police_Station_Stallionsden,4,25x25,1
2543,-71,junk,downtown,rubble_downtown_filler_16,xcpv_Filler_3_Stallionsden,0,25x25,1
2543,-46,redundant,downtown,downtown_filler_02,xcpv_Uptown_filler_11_LuzipherMST,2,25x25,1
2543,1729,junk,downtown,remnant_downtown_filler_14,xcpv_City_05_Stallionsden,1,25x25,1
2544,-4,junk,downtown,rubble_downtown_filler_17,xcpv_Electrical_Substation_01_ZZTong,0,25x25,1
2546,-196,junk,downtown,rubble_downtown_filler_13,xcpv_Filler_2_Stallionsden,0,25x25,1
2546,1604,junk,downtown,remnant_downtown_filler_15,xcpv_Cinema_Zeebark,2,25x25,1
2546,1754,junk,downtown,remnant_downtown_filler_24,xcpv_Book_Store_ActiniumTiger,0,25x25,1
2547,-371,redundant,downtown,post_office_01,xcpv_They_All_Float_Down_Here_FNS,1,25x25,1
2549,-2931,junk,downtown,remnant_downtown_filler_26,xcpv_Pump_Substation_01_ZZTong,0,25x25,1
2549,1838,junk,downtown,remnant_school_01,xcpv_Eiffel_Tower_About98Penguins,3,60x60,1
2560,1913,redundant,wilderness,house_modern_20,xcpv_Exham_Priory_FNS,4,42x42,1
2564,1414,junk,industrial,lot_industrial_20,xcpv_Gas_Station_Dest_Zyncosa,0,25x25,1
2564,1454,junk,downtown,rubble_downtown_filler_22,xcpv_Donut_Shop_Bigstep70,1,25x25,1
2566,-2956,junk,downtown,remnant_downtown_filler_27,xcpv_Private_School_Vittles,2,25x25,1
2566,-2896,junk,downtown,remnant_downtown_filler_11,xcpv_Oil_Pump_Jack_01_ZZTong,0,25x25,1
2569,79,junk,downtown,rubble_downtown_filler_25,xcpv_Drive_Thru_01_ZZTong,1,25x25,1
2570,-3193,junk,industrial,remnant_burnt_06,xcpv_Apartments_Batman,4,42x42,1
2570,-1393,redundant,industrial,parking_lot_01,xcpv_ReloadTime_Warehouse_TheStainGaming,3,42x42,1
2570,1157,redundant,industrial,warehouse_05,xcpv_Funeral_Home_Wsiegel,1,42x42,1
2573,2082,junk,wilderness,wilderness_filler_20,xcpv_Wilderness_Filler_01_ZZTong,0,25x25,1
2574,-2931,junk,downtown,remnant_downtown_filler_22,xcpv_PoPo_TehKarmah,2,25x25,1
2586,-2797,junk,downtown,remnant_downtown_filler_04,xcpv_Park_Grampt,0,25x25,1
2586,-2772,junk,downtown,remnant_downtown_filler_08,xcpv_Nutz_TehKarmah,1,25x25,1
2586,-373,junk,downtown,rubble_downtown_filler_01,xcpv_Filler_Park_11_Deverezieaux,0,25x25,0
2587,-3046,junk,downtown,remnant_downtown_filler_20,xcpv_Polizei_Mute,2,25x25,1
2587,-3006,junk,downtown,remnant_downtown_filler_25,xcpv_Power_Station_LuckyStar,1,25x25,1
2587,-195,junk,downtown,remnant_downtown_filler_02,xcpv_Filler_Park_10A_Deverezieaux,0,25x25,1
2587,-71,junk,downtown,remnant_downtown_filler_19,xcpv_Filler_4_Stallionsden,0,25x25,1
2587,1605,junk,downtown,rubble_downtown_filler_15,xcpv_Citizens_Advice_Office_Arramus,1,25x25,1
2587,1729,junk,downtown,remnant_downtown_filler_18,xcpv_Chicken_Park_01_Weazelsun,0,25x25,1
2587,1754,junk,downtown,remnant_downtown_filler_22,xcpv_Camera_Shop_Zeebark,1,25x25,1
2587,1779,junk,downtown,remnant_downtown_strip_11,xcpv_Collapsed_Bldg_BuLLeTZ,0,42x42,1
2589,1119,junk,wilderness,remnant_downtown_filler_07,xcpv_Field_Pumpkin_01_ZZTong,0,25x25,1
2589,1537,junk,downtown,rubble_downtown_filler_18,xcpv_Cyber_Cafe_Vittles,1,25x25,1
2591,-2896,junk,downtown,remnant_downtown_filler_12,xcpv_Optometrists_Vittles,1,25x25,1
2591,1321,junk,industrial,remnant_waste_06,xcpv_7_Dogs_KillerBee,1,42x42,1
2593,-1156,redundant,industrial,junkyard_01,xcpv_Guns_Store_ChickenRH,5,60x60,1
2594,17,junk,downtown,remnant_downtown_filler_07,xcpv_Eco_Apartments_Voltralux,3,25x25,1
2594,42,junk,downtown,remnant_downtown_filler_23,xcpv_Estate_Agent_Medusa,1,25x25,1
2594,79,junk,downtown,remnant_downtown_filler_09,xcpv_Fast_Food_Vittles,1,25x25,1
2595,-1309,junk,industrial,remnant_waste_08,xcpv_Alamo_Sarongas1999_Crazy1,2,42x42,1
2595,1241,redundant,industrial,utility_refinery_01,xcpv_Gun_Mechanic_Baziez,5,42x42,1
2596,-2855,junk,downtown,remnant_business_04,xcpv_KZMB_Radio_01_ZZTong,3,42x42,1
2598,-1086,redundant,industrial,industrial_business_08,xcpv_Pokemon_Gym_Mute,1,42x42,1
2598,-998,redundant,industrial,warehouse_08,xcpv_Quick_Cabs_Voltralux,2,42x42,1
2598,-936,redundant,industrial,warehouse_07,xcpv_Science_Lab_kinklade,3,42x42,1
2598,-848,redundant,industrial,warehouse_04,xcpv_Space_X_Turpin,2,42x42,1
2598,-786,redundant,industrial,parking_lot_02,xcpv_TFP_Pawn_Stallionsden,3,42x42,1
2611,1877,junk,downtown,remnant_downtown_filler_23,xcpv_Bookstore_Kayido,1,25x25,1
2612,-71,junk,downtown,remnant_downtown_filler_20,xcpv_Filler_Deverezieaux,4,25x25,1
2612,1479,junk,downtown,remnant_downtown_strip_04,xcpv_Fire_House_Warsaken,1,42x42,1
2612,1729,junk,downtown,remnant_downtown_filler_16,xcpv_Church_Zeebark,1,25x25,1
2615,546,junk,wilderness,wilderness_filler_17,xcpv_L4D_Tower_CraterCreator,0,25x25,1
2619,9,junk,downtown,rubble_downtown_filler_14,xcpv_Fanz_Duplex_Zeebark,2,25x25,1
2619,34,redundant,downtown,downtown_filler_01,xcpv_Valentine_Gift_Shop_Libby,1,25x25,1
2621,2085,junk,wilderness,wilderness_filler_19,xcpv_Wilderness_Filler_02_ZZTong,0,25x25,1
2622,-3176,junk,industrial,lot_industrial_15,xcpv_Distribution_TheFootpad,1,25x25,1
2622,1174,junk,industrial,lot_vacant_02,xcpv_Cell_Tower_LuckyStar,1,25x25,1
2626,-2797,junk,downtown,remnant_downtown_filler_06,xcpv_Olive_Burgr_WillyBilly,0,25x25,1
2626,-423,redundant,downtown,downtown_filler_27,xcpv_Uptown_Filler_10_LuzipherMST,5,25x25,1
2626,-398,junk,downtown,rubble_downtown_filler_12,xcpv_Filler_Sandbox_1_Arramus,0,25x25,0
2626,-373,junk,downtown,rubble_downtown_filler_04,xcpv_Filler_Park_11A_Deverezieaux,0,25x25,1
2627,-178,junk,downtown,remnant_downtown_filler_21,xcpv_Filler_1_Stallionsden,0,25x25,1
2627,1622,junk,downtown,remnant_downtown_filler_12,xcpv_City_06_Stallionsden,1,25x25,1
2628,-3040,junk,downtown,remnant_downtown_filler_29,xcpv_ProTech_Cafe_TheStainGaming,2,25x25,1
2628,-2896,junk,downtown,remnant_downtown_filler_09,xcpv_Observatory_NLBlackEagle,1,25x25,1
2628,79,redundant,downtown,downtown_filler_03,xcpv_Uptown_Filler_09_LuzipherMST,2,25x25,1
2628,1837,junk,downtown,rubble_downtown_filler_13,xcpv_Camping_Shop_Zeebark,1,25x25,1
2629,-3007,junk,downtown,remnant_downtown_filler_28,xcpv_Prepper_Petes_Lunitar,2,25x25,1
2629,1537,redundant,downtown,post_office_01,xcpv_Hot_Spot_Shema,2,25x25,1
2629,1796,junk,downtown,remnant_downtown_filler_19,xcpv_Charity_Bar_Duplex_Zeebark,2,25x25,1
2641,241,junk,wilderness,wilderness_filler_15,xcpv_TFP_Ranger_Station_01_ZZTong,1,25x25,1
2646,419,junk,wilderness,remnant_burnt_02,xcpv_Army_D_2_Zyncosa,5,42x42,1
2648,284,junk,wilderness,wilderness_filler_20,xcpv_Studio_01_ZZTong,0,25x25,1
2650,402,junk,wilderness,wilderness_filler_21,xcpv_Mass_Grave_01_ZZTong,0,25x25,1
2654,-2963,redundant,downtown,downtown_filler_31,xcpv_Chemical_Lot_TFP,1,25x25,1
2654,-2707,junk,downtown,remnant_downtown_filler_17,xcpv_Pet_Store_Zeebark,1,25x25,1
2654,-2663,junk,downtown,remnant_downtown_filler_15,xcpv_Park_ShadowEnvy,0,25x25,1
2654,-2638,junk,downtown,remnant_downtown_filler_02,xcpv_Pet_Salon_Zeebark,1,25x25,1
2654,-1057,redundant,downtown,downtown_filler_12,xcpv_Kits_Gelato_Shema,2,25x25,1
2654,1387,junk,downtown,rubble_downtown_filler_23,xcpv_Downtown_Building_Lot_01_Zeebark,0,25x25,1
2654,1796,junk,downtown,remnant_downtown_filler_04,xcpv_Corner_Store_Alice,1,25x25,1
2654,1879,junk,downtown,remnant_downtown_filler_06,xcpv_Convenience_OctoberFire,1,25x25,1
2654,1904,junk,commercial,remnant_waste_04,xcpv_Gas_Station_Fortbrick,1,42x42,1
2654,1946,junk,commercial,remnant_waste_03,xcpv_Gas_Station_Warsaken,1,42x42,1
2655,-3004,redundant,downtown,downtown_filler_25,xcpv_Carpu_Pond_TehKarmah,0,25x25,0
2655,-1246,redundant,industrial,warehouse_03,xcpv_HBW_Metro_WillyBilly,3,60x60,1
2655,-903,redundant,downtown,downtown_filler_07,xcpv_GunShop_Kendo_VoltraLux,2,25x25,1
2655,1346,redundant,downtown,downtown_filler_14,xcpv_Mouse_House_BattlePapi,1,25x25,1
2655,1694,junk,industrial,remnant_business_01,xcpv_Aquatic_Centre_Dest_Zyncosa,3,60x60,1
2656,-2789,junk,downtown,rubble_downtown_filler_04,xcpv_Seafood_Shop_Guppycur,1,25x25,1
2656,-263,redundant,residential,house_old_victorian_09,xcpv_Housing_Block_War3zuk,2,42x42,1
2659,1268,junk,industrial,lot_vacant_03,xcpv_Gas_Station_Zyncosa,0,25x25,1
2661,-3091,junk,industrial,lot_industrial_13,xcpv_Tattoo_Parlour_Mute,1,25x25,1
2663,-822,redundant,downtown,downtown_filler_park_02,xcpv_Computer_Store_Zeebark,1,25x25,1
2667,1845,junk,downtown,remnant_downtown_filler_09,xcpv_City_Park_OctoberFire,0,25x25,1
2667,2215,junk,wilderness,wilderness_filler_21,xcpv_Paddys_Pumpkin_Patch_FNS,0,25x25,1
2669,-3286,junk,industrial,lot_industrial_17,xcpv_Tattooist_Mute,0,25x25,1
2670,3098,junk,wilderness,wilderness_filler_05,xcpv_Hunters_Rest_EvilRacc0on,0,25x25,1
2671,-3175,junk,industrial,remnant_waste_06,xcpv_Bank_Guppycur,3,42x42,1
2671,-1377,junk,industrial,remnant_burnt_06,xcpv_Ambulance_Station_Zeebark,1,42x42,1
2671,1155,redundant,industrial,warehouse_06,xcpv_Landscaping_Supplies_Dest_Zyncosa,1,42x42,1
2672,-3044,junk,downtown,rubble_downtown_filler_02,xcpv_Restaurant_Gertle,1,25x25,1
2672,1306,redundant,downtown,downtown_filler_13,xcpv_Massage_Parlour_Stallionsden,4,25x25,1
2673,1207,redundant,industrial,remnant_waste_05,xcpv_Landscaping_Supplies_Zyncosa,2,42x42,1
2677,1544,junk,commercial,remnant_gas_station_01,xcpv_Pass_N_Gas_InfectedGaming,2,42x42,1
2679,1387,junk,downtown,remnant_downtown_strip_02,xcpv_Florist_Zeebark,2,42x42,1
2679,1754,junk,downtown,remnant_downtown_strip_07,xcpv_EMS_01_ZZTong,2,42x42,1
2696,-2921,redundant,downtown,downtown_filler_27,xcpv_City_Park_OctoberFire,0,25x25,1
2696,-2896,redundant,downtown,downtown_filler_23,xcpv_Cool_Shooz_Duplex_Zeebark,1,25x25,1
2696,-2772,junk,downtown,rubble_downtown_filler_12,xcpv_Simps_Camping_Battlepapi,1,25x25,1
2696,-2746,junk,downtown,remnant_downtown_filler_01,xcpv_Pet_Store_TehKarmah,1,25x25,1
2696,-1096,redundant,downtown,downtown_filler_13,xcpv_Kick_Flipz_VoltraLux,1,25x25,1
2696,1796,junk,downtown,rubble_downtown_filler_16,xcpv_City_Park_1_OctoberFire,0,25x25,1
2696,1836,junk,downtown,remnant_downtown_filler_08,xcpv_Coffee_Shop_EvilRacc0on,0,25x25,1
2696,1879,junk,downtown,rubble_downtown_filler_17,xcpv_Corner_Store_01_Gtpwr,1,25x25,1
2699,-3040,junk,downtown,remnant_church_01,xcpv_Hall_Of_Fame_Stallionsden,1,60x60,1
2699,1310,junk,downtown,remnant_hospital_01,xcpv_Fallen_Slaan,5,60x60,1
2704,1954,junk,commercial,remnant_sports_center_01,xcpv_Bowling_Sarongas1999_Crazy1,3,100x100,1
2711,3220,junk,wilderness,lot_industrial_07,xcpv_Ancient_Apache_Ground_Nauti_Angel,0,25x25,1
2719,-1381,junk,industrial,lot_industrial_12,xcpv_Warehouse_Batman,1,25x25,1
2724,3050,junk,wilderness,wilderness_filler_08,xcpv_Military_Dumpsite_02_Weazelsun,0,25x25,1
2725,1278,junk,industrial,lot_industrial_19,xcpv_Gas_Water_Power_FNS,3,25x25,1
2725,3025,junk,wilderness,wilderness_filler_14,xcpv_Ranger_Cabin_Guppycur,0,25x25,1
2727,1182,junk,industrial,remnant_burnt_05,xcpv_Alamo_Restaurant_Voltralux,2,42x42,1
2729,-65,junk,wilderness,remnant_burnt_01,xcpv_Army_Camp_Vegoram,2,42x42,1
2737,-2813,junk,downtown,remnant_downtown_strip_04,xcpv_Koroleva_Armstrong794,5,42x42,1
2737,-2746,junk,downtown,remnant_downtown_filler_16,xcpv_Pet_Store_Oscerc,1,25x25,1
2737,-1096,redundant,downtown,downtown_filler_15,xcpv_Kissing_Booth_Stallionsden,1,25x25,1
2737,1387,junk,downtown,remnant_downtown_strip_03,xcpv_Flerova_Armstrong794,4,42x42,1
2737,1754,junk,downtown,remnant_downtown_filler_02,xcpv_Cornish_Pasty_Shop_Medusa,1,25x25,1
2737,1779,junk,downtown,remnant_downtown_strip_06,xcpv_Espresso_Yourself_AndyRed,1,42x42,1
2737,1836,junk,downtown,remnant_downtown_strip_05,xcpv_Eternal_Rests_VoltraLux,2,42x42,1
2737,1879,junk,downtown,remnant_downtown_filler_07,xcpv_Computer_Store_Zeebark,1,25x25,1
2738,3219,junk,wilderness,lot_industrial_09,xcpv_Angel_Home_Cerberus,1,25x25,1
2740,-2896,junk,downtown,rubble_downtown_filler_13,xcpv_Slabhouse_01_ZZTong,1,25x25,1
2742,-706,junk,commercial,remnant_waste_16,xcpv_3_Block_Stores_Leo_Liuos,5,60x60,1
2743,-3179,junk,industrial,remnant_waste_08,xcpv_Bar_Bistro_Zeebark,2,42x42,1
2748,-1236,redundant,industrial,lot_vacant_05,xcpv_Sams_Hardware_HuskyJ1821,2,42x42,1
2748,-1148,junk,industrial,remnant_waste_06,xcpv_Ambulance_Depot_01_Weazelsun,0,42x42,1
2748,1702,redundant,industrial,fire_station_02,xcpv_Olympic_Pool_BraizD,1,42x42,1
2751,1548,junk,commercial,remnant_waste_01,xcpv_Pass_Gass_Mute,1,42x42,1
2752,-943,redundant,downtown,downtown_filler_09,xcpv_Imhoteps_Kebap_Shema,1,25x25,1
2759,-1330,redundant,industrial,parking_lot_03,xcpv_State_Penitentiary_Zyncosa,2,42x42,1
2760,-263,junk,residential,remnant_house_10,xcpv_Experimental_House_TopMinder,2,42x42,1
2760,1236,junk,industrial,remnant_burnt_06,xcpv_7_End_Store_Jackelmyer,1,42x42,1
2761,-973,redundant,downtown,downtown_filler_14,xcpv_Jail_Break_Pizza_Zeebark,2,25x25,1
2762,1904,junk,commercial,remnant_waste_17,xcpv_Gas_Station_Carwash_Mute,1,42x42,1
2764,-3131,junk,industrial,lot_industrial_16,xcpv_Surprise_Store_InfectedGaming,1,25x25,1
2772,-3326,junk,industrial,lot_industrial_12,xcpv_Supermarket_05_Zyncosa,0,25x25,1
2778,-2663,junk,downtown,lot_downtown_filler_01,xcpv_Pinocchio_Arramus,1,25x25,1
2779,-3029,junk,downtown,rubble_downtown_filler_03,xcpv_Retro_Cafe_Zeebark,1,25x25,1
2779,-3004,junk,downtown,remnant_downtown_filler_30,xcpv_Quad_Zeebark,3,25x25,1
2779,-2960,junk,downtown,rubble_downtown_filler_01,xcpv_Reptile_Store_Zeebark,2,25x25,1
2779,-2854,redundant,downtown,downtown_filler_15,xcpv_Corner_Store_01_Gtpwr,1,25x25,1
2779,-2813,junk,downtown,rubble_downtown_filler_05,xcpv_Servo_OctoberFire,1,25x25,1
2779,-2704,redundant,downtown,post_office_01,xcpv_Bookstore_Kayido,1,25x25,1
2779,-1054,redundant,downtown,downtown_filler_22,xcpv_Zap_Arcade_Voltralux,2,25x25,1
2779,1197,junk,industrial,lot_industrial_18,xcpv_Hydro_Plant_LuckyStar,2,25x25,1
2779,1390,redundant,downtown,downtown_filler_15,xcpv_Mirror_Shop_Zeebark,1,25x25,1
2779,1796,junk,downtown,remnant_downtown_filler_01,xcpv_Countrytown_Alice,2,25x25,1
2779,1836,junk,downtown,remnant_downtown_filler_05,xcpv_Cool_Shooz_Duplex_Zeebark,1,25x25,1
2797,208,redundant,wilderness,house_old_victorian_09,xcpv_Cabin_Fort_01_ZZTong,1,42x42,1
2799,-1548,junk,wilderness,wilderness_filler_14,xcpv_Speleological_Society_01_ZZTong,3,25x25,1
2804,-3264,junk,industrial,lot_industrial_10,xcpv_Info_Center_LuckyStar,1,25x25,1
2804,-3088,junk,commercial,remnant_waste_01,xcpv_Strip_Mall_01_ZZTong,2,42x42,1
2804,-3007,junk,downtown,rubble_downtown_filler_16,xcpv_Solar_Farm_02_ZZTong,0,25x25,1
2804,-2963,redundant,downtown,downtown_filler_14,xcpv_Charity_Bar_Duplex_Zeebark,2,25x25,1
2804,-2814,junk,industrial,lot_industrial_20,xcpv_ZVS_Pharmacy_Ogodno77,1,25x25,1
2805,-2656,junk,commercial,remnant_waste_16,xcpv_Apartment_Stores_Laz_Man,4,60x60,1
2806,1629,junk,residential,remnant_house_05,xcpv_Camp_Alice,1,42x42,1
2806,1687,junk,residential,remnant_house_04,xcpv_Cozy_Victorian_TheGamerMama,1,42x42,1
2812,1779,junk,residential,remnant_house_02,xcpv_Duplex_Unknown,2,42x42,1
2812,1837,junk,residential,remnant_house_03,xcpv_Dave_Home_DMC,2,42x42,1
2816,-164,junk,wilderness,wilderness_filler_19,xcpv_Stormwater_Detention_Pond_01_ZZTong,0,25x25,1
2818,1314,redundant,industrial,lot_vacant_05,xcpv_Mechanics_Zyncosa,2,42x42,1
2818,1552,redundant,industrial,industrial_business_08,xcpv_Monster_Flex_Gym_Swolk,3,42x42,1
2825,1245,redundant,industrial,warehouse_07,xcpv_Mechanics_Dest_Zyncosa,2,42x42,1
2839,-2816,redundant,industrial,warehouse_07,xcpv_Warehouse_Theodryck,1,42x42,1
2842,1964,junk,wilderness,remnant_burnt_06,xcpv_Barn_Oscerc,2,42x42,1
2846,-3046,redundant,downtown,downtown_filler_13,xcpv_Corner_Store_Alice,1,25x25,1
2858,-3345,junk,industrial,lot_industrial_11,xcpv_Fun_House_TheGamerMama,2,25x25,1
2858,-2895,junk,industrial,lot_industrial_09,xcpv_ZBites_Zeebark,2,25x25,1
2858,-788,redundant,residential,house_old_victorian_11,xcpv_L4D_Cabin_CraterCreator,2,42x42,1
2859,3234,redundant,wilderness,utility_celltower_01,xcpv_Cabin_01_Stallionsden,1,25x25,1
2861,1110,junk,wilderness,wilderness_filler_21,xcpv_Watch_Tower_1_Fleshus,2,25x25,1
2862,1774,redundant,residential,house_old_victorian_11,xcpv_House_in_the_Hill_Tuax,4,42x42,1
2862,1842,junk,residential,remnant_house_12,xcpv_Dormer_House_TopMinder,2,42x42,1
2862,1939,junk,wilderness,remnant_burnt_07,xcpv_Rural_Filler_04_ZZTong,0,25x25,1
2863,2411,junk,wilderness,wilderness_filler_13,xcpv_Field_Blueberry_01_ZZTong,0,25x25,1
2866,1687,junk,residential,remnant_house_09,xcpv_Apartments_TopMinder,2,42x42,1
2869,1169,junk,industrial,lot_industrial_17,xcpv_Servo_1_OctoberFire,1,25x25,1
2887,-3046,junk,downtown,rubble_downtown_filler_17,xcpv_Speedy_Flowers_Fluffy_Panda,1,25x25,1
2887,-3021,junk,downtown,remnant_downtown_strip_05,xcpv_L4D_QuikBuy_CraterCreator,0,42x42,1
2889,1629,junk,residential,remnant_house_06,xcpv_Appletree_Apartments_Pip,2,42x42,1
2893,-3291,redundant,industrial,warehouse_04,xcpv_Warehouse_Medical_01_Deverezieaux,3,42x42,1
2893,-2745,junk,commercial,remnant_business_02,xcpv_Apartments_4_Dest_Zyncosa,3,60x60,1
2893,1394,redundant,industrial,warehouse_02,xcpv_Funeral_Parlor_Zombieman,3,60x60,1
2893,1454,junk,industrial,remnant_waste_15,xcpv_Apaxco_Gouki,5,60x60,1
2893,1544,redundant,industrial,utility_electric_co_02,xcpv_Glass_Factory_Khyber,1,60x60,1
2894,1982,junk,wilderness,remnant_burnt_04,xcpv_Rural_Filler_02_ZZTong,0,25x25,1
2895,-2789,redundant,industrial,warehouse_06,xcpv_Warehouse_NLBlackEagle,2,42x42,1
2895,1940,junk,wilderness,remnant_burnt_05,xcpv_Barn_Baziez,4,42x42,1
2904,-892,redundant,residential,house_old_victorian_09,xcpv_Luxury_Log_Home_TheGamerMama,3,42x42,1
2908,-627,junk,residential,remnant_house_11,xcpv_Grandmothers_House_Zeebark,2,42x42,1
2908,-559,junk,residential,remnant_house_12,xcpv_Farnsworth_House_Grampt,1,42x42,1
2908,2780,redundant,wilderness,utility_electric_co_02,xcpv_Coronado_Plant_Slaan,4,60x60,1
2909,1272,junk,industrial,lot_industrial_16,xcpv_Utility_Cell_Tower_Dough,1,25x25,1
2910,1687,junk,residential,remnant_house_08,xcpv_Abandoned_House_Deverezieaux,2,42x42,1
2912,-3088,junk,commercial,remnant_gas_station_01,xcpv_Strip_Club_Wsiegel,2,42x42,1
2924,-3335,junk,industrial,lot_industrial_18,xcpv_Gym_Theodryck,1,25x25,1
2924,-2885,junk,industrial,lot_industrial_19,xcpv_Game_Shop_Talladaye,1,25x25,1
2928,-2963,junk,downtown,rubble_downtown_filler_14,xcpv_Small_Cafe_Bostonlondon,0,25x25,1
2929,-3004,junk,downtown,rubble_downtown_filler_15,xcpv_Smoke_Shop_EvilRacc0on,1,25x25,1
2937,-1872,junk,wilderness,wilderness_filler_15,xcpv_Store_XS_17_ZZTong,2,25x25,1
2944,1938,junk,wilderness,wilderness_filler_02,xcpv_Tower_Fluffy_Panda,1,25x25,1
2948,667,junk,wilderness,wilderness_filler_13,xcpv_Site_2_AndyRed,0,25x25,1
2954,-3045,junk,industrial,remnant_waste_15,xcpv_Bus_Depot_WillyBilly,2,60x60,1
2955,-1164,junk,downtown,lot_downtown_filler_01,xcpv_Fit_You_Shema,2,25x25,1
2961,-2791,junk,industrial,lot_industrial_21,xcpv_Gaming_Den_Mute,2,25x25,1
2964,-2952,redundant,industrial,parking_lot_01,xcpv_Carpark_Mute,0,42x42,1
2971,-2875,redundant,industrial,warehouse_08,xcpv_Waste_Crane_NLBlackEagle,1,42x42,1
2980,-1245,redundant,downtown,downtown_filler_31,xcpv_TFP_Office88_Voltralux,2,25x25,1
2980,-1124,redundant,downtown,downtown_filler_24,xcpv_Watering_Hole_01_ZZTong,0,25x25,1
2996,-2791,redundant,industrial,parking_lot_02,xcpv_Wine_Warehouse_CTVIGaming,1,42x42,1
3009,-2152,junk,wilderness,lot_industrial_11,xcpv_Gas_Station_01_ZZTong,1,25x25,1
3021,-1568,junk,wilderness,wilderness_filler_17,xcpv_Store_XS_18_ZZTong,1,25x25,1
3033,-814,junk,wilderness,wilderness_filler_18,xcpv_Store_XS_19_ZZTong,2,25x25,1
3040,-876,junk,wilderness,wilderness_filler_05,xcpv_Rural_Filler_03_ZZTong,0,25x25,1
3043,-2879,junk,industrial,remnant_burnt_06,xcpv_Bar_Pool_01_ZZTong,1,42x42,1
3043,-2745,junk,commercial,remnant_waste_18,xcpv_Apartments_4_Zyncosa,4,60x60,1
3044,-3045,junk,industrial,remnant_business_01,xcpv_CDC_Mission_TheFootpad,4,60x60,1
3052,-2952,junk,industrial,remnant_burnt_05,xcpv_Bar_Tavern_AshRoc,1,42x42,1
3057,-1529,junk,wilderness,remnant_oldwest_01,xcpv_Cabin_01_ZZTong,1,25x25,1
3059,-2639,redundant,commercial,office_03,xcpv_Rest_Area_Guppycur,1,42x42,1
3064,-2831,junk,industrial,lot_industrial_08,xcpv_Lot_Vacant_01_ZZTong,0,25x25,1
3079,-1245,junk,downtown,rubble_downtown_filler_22,xcpv_Food_Store_ActiniumTiger,1,25x25,1
3079,-1210,junk,downtown,rubble_downtown_filler_19,xcpv_Fire_Station_Slick50,1,25x25,1
3079,-1159,redundant,downtown,downtown_filler_25,xcpv_Tribute_OctoberFire,0,25x25,1
3079,-1122,junk,downtown,rubble_downtown_filler_20,xcpv_Filler_Zeebark,0,25x25,1
3104,-2896,junk,commercial,remnant_commercial_strip_03,xcpv_Store_S_04_ZZTong,3,42x42,1
3104,-2854,junk,commercial,remnant_commercial_strip_05,xcpv_Store_Set_1_Guppycur,2,42x42,1
3104,-2789,junk,commercial,remnant_commercial_strip_04,xcpv_Store_S_05_ZZTong,3,42x42,1
3104,-2746,junk,commercial,remnant_business_05,xcpv_Store_S_03_ZZTong,3,42x42,1
3148,-2958,redundant,residential,house_old_victorian_11,xcpv_Meth_Lab_Rifmaz,3,42x42,1
3247,50,junk,wilderness,lot_industrial_11,xcpv_Research_Station_NLBlackEagle,1,25x25,1
3247,276,junk,wilderness,remnant_gas_station_01,xcpv_Army_Bunker_Laz_Man,2,42x42,1
3270,1124,junk,wilderness,wilderness_filler_12,xcpv_Shack_TallmanBrad,0,25x25,1
3378,-1095,junk,industrial,lot_vacant_02,xcpv_Lot_Vacant_02_ZZTong,0,25x25,1
3404,-2278,redundant,downtown,post_office_01,xcpv_Tattooist_01_Mute,2,25x25,1
3404,-2231,junk,downtown,remnant_downtown_filler_09,xcpv_Warehouse_03_ZZTong,2,25x25,1
3404,-2206,junk,downtown,remnant_downtown_filler_12,xcpv_Water_Tower_Dough,0,25x25,1
3404,-2172,junk,downtown,remnant_downtown_filler_08,xcpv_Waste_Disposal_Vittles,1,25x25,1
3405,-2446,junk,downtown,remnant_downtown_filler_21,xcpv_Zee_Bliss_Zeebark,2,25x25,1
3405,-945,junk,industrial,lot_vacant_03,xcpv_JoJos_JSDoctor,2,25x25,1
3414,-2401,junk,downtown,remnant_downtown_filler_23,xcpv_Used_Cars_Vitttles,1,25x25,1
3414,-2376,junk,downtown,remnant_downtown_filler_18,xcpv_Uptown_Filler_01_LuzipherMST,2,25x25,1
3423,562,junk,wilderness,wilderness_filler_11,xcpv_Site_5_AndyRed,0,25x25,0
3439,-2384,junk,downtown,remnant_downtown_filler_15,xcpv_Washington_Cemetery_Double_G,1,25x25,1
3441,-2206,junk,downtown,remnant_downtown_filler_07,xcpv_Video_Rental_Voltralux,1,25x25,1
3442,-2254,junk,downtown,remnant_downtown_filler_11,xcpv_Warehouse_05_ZZTong,1,25x25,1
3449,-2181,junk,downtown,remnant_downtown_filler_04,xcpv_Fuel_Station_NLBlackEagle,0,25x25,1
3459,2664,redundant,wilderness,utility_celltower_01,xcpv_Burial_Shrine_Snake0567,2,25x25,1
3464,-2446,junk,downtown,remnant_downtown_filler_17,xcpv_Uptown_Filler_02_LuzipherMST,3,25x25,1
3466,-2206,junk,downtown,remnant_downtown_filler_02,xcpv_Hostel_BYM1X,1,25x25,1
3487,-2408,junk,downtown,remnant_downtown_filler_16,xcpv_Uptown_Filler_05_LuzipherMST,3,25x25,1
3487,-2296,redundant,downtown,downtown_filler_11,xcpv_Military_Installation_Dest_Zyncosa,0,25x25,1
3487,-2256,redundant,downtown,downtown_filler_12,xcpv_Supermarket_05_Dest_Zyncosa,0,25x25,1
3489,-2363,junk,downtown,remnant_downtown_filler_14,xcpv_Uptown_Filler_06_LuzipherMST,4,25x25,1
3490,-2321,junk,downtown,remnant_downtown_filler_22,xcpv_Uptown_Filler_03_LuzipherMST,3,25x25,1
3511,-2446,junk,downtown,remnant_downtown_filler_19,xcpv_Ultrascans_Clinic_AndyRed,1,25x25,1
3523,-2322,junk,downtown,remnant_downtown_filler_20,xcpv_Zee_Plantz_Zeebark,1,25x25,1
3528,-2290,junk,downtown,remnant_downtown_filler_06,xcpv_Frat_House_EvilRacc0on,1,25x25,1
3529,-2363,junk,downtown,remnant_downtown_filler_24,xcpv_Uptown_Filler_04_LuzipherMST,3,25x25,1
3529,-2257,junk,downtown,remnant_downtown_filler_05,xcpv_Food_Truck_Laz_Man,0,25x25,1
3532,-1975,junk,wilderness,wilderness_filler_05,xcpv_Cabin_02_ZZTong,2,25x25,1
3554,-2360,redundant,downtown,downtown_filler_30,xcpv_Supermarket_06_Zyncosa,0,25x25,1
3617,2006,redundant,wilderness,utility_celltower_01,xcpv_Field_Yucca_01_ZZTong,0,25x25,1
3634,-2436,redundant,downtown,downtown_filler_22,xcpv_TFP_Remnant_Industrial_04_ZZTong,0,25x25,1
3634,-2136,junk,wilderness,lot_vacant_07,xcpv_Cave_08_Fluffy_Panda,0,25x25,1
3678,-1122,junk,industrial,lot_vacant_04,xcpv_Kindergarden_Oscerc,1,25x25,1
3679,-2339,redundant,downtown,downtown_filler_24,xcpv_Supermarket_06_Dest_Zyncosa,0,25x25,1
